label,text,llm_check,suspect,style,group,accept
yes,হ্যাঁ ভাই কনফার্ম করে দেন,yes,,plain agreement,0,
yes,জ্বী আপু অর্ডারটা কনফার্ম করেন,yes,,plain agreement,0,
yes,হুম ঠিক আছে করে দেন,yes,,plain agreement,0,
yes,জ্বী হ্যাঁ সব ঠিক আছে কনফার্ম করেন,yes,,plain agreement,0,
yes,হ্যাঁ আমার অর্ডারটা কনফার্ম করে ফেলেন,yes,,plain agreement,0,
yes,আচ্ছা ঠিক আছে করে দেন,yes,,plain agreement,0,
yes,জ্বী ভাই কনফার্ম করে দিন,yes,,plain agreement,0,
yes,হ্যাঁ সব ঠিক আছে ভাই,yes,,plain agreement,0,
yes,জ্বী আপু কনফার্ম করেন,yes,,plain agreement,0,
yes,হ্যাঁ কনফার্ম করে দেন প্লিজ,yes,,plain agreement,0,
yes,ঠিক আছে ভাই অর্ডারটা কনফার্ম করেন,yes,,plain agreement,0,
yes,জ্বী আমার অর্ডারটা কনফার্ম করে দিন,yes,,plain agreement,0,
yes,না না ঠিক আছে কনফার্ম করে দেন,yes,,starts with না/না না but then agrees (e.g. না না ঠিক আছে দিয়ে দেন),1,
yes,না না সমস্যা নাই অর্ডারটা দিয়ে দেন,yes,,starts with না/না না but then agrees (e.g. না না ঠিক আছে দিয়ে দেন),1,
yes,না না ঠিকই আছে ভাইয়া অর্ডারটা কনফার্ম করেন,yes,,starts with না/না না but then agrees (e.g. না না ঠিক আছে দিয়ে দেন),1,
yes,না না আর কিছু লাগবে না কনফার্ম করে ফেলেন,yes,,starts with না/না না but then agrees (e.g. না না ঠিক আছে দিয়ে দেন),1,
yes,না না ঠিক আছে আপু এটা কনফার্ম করে দিন,yes,,starts with না/না না but then agrees (e.g. না না ঠিক আছে দিয়ে দেন),1,
yes,না না সব ঠিক আছে অর্ডারটা কনফার্ম করে দেন,yes,,starts with না/না না but then agrees (e.g. না না ঠিক আছে দিয়ে দেন),1,
yes,না না আর লাগবে না ভাই কনফার্ম করে দেন,yes,,starts with না/না না but then agrees (e.g. না না ঠিক আছে দিয়ে দেন),1,
yes,না না ঠিক আছে ভাইয়া অর্ডারটা দিয়ে দেন,yes,,starts with না/না না but then agrees (e.g. না না ঠিক আছে দিয়ে দেন),1,
yes,না না সব ঠিক আছে কনফার্ম করেন,yes,,starts with না/না না but then agrees (e.g. না না ঠিক আছে দিয়ে দেন),1,
yes,না না ঠিক আছে এইটাই কনফার্ম করে দেন,yes,,starts with না/না না but then agrees (e.g. না না ঠিক আছে দিয়ে দেন),1,
yes,না না সমস্যা নেই ভাইয়া কনফার্ম করে ফেলেন,yes,,starts with না/না না but then agrees (e.g. না না ঠিক আছে দিয়ে দেন),1,
yes,না না ঠিক আছে আপু অর্ডারটা কনফার্ম করেন,yes,,starts with না/না না but then agrees (e.g. না না ঠিক আছে দিয়ে দেন),1,
yes,"জি, কনফার্ম করে দেন, তবে একটু দ্রুত ডেলিভারি দিয়েন",yes,,"agreement plus a small request (e.g. হ্যাঁ, একটু তাড়াতাড়ি পাঠাবেন)",2,
yes,"হ্যাঁ ভাই, অর্ডারটা কনফার্ম করেন, পারলে কালকের মধ্যেই পাঠাবেন",yes,,"agreement plus a small request (e.g. হ্যাঁ, একটু তাড়াতাড়ি পাঠাবেন)",2,
yes,"জি আপু, কনফার্ম করে দেন আর ডেলিভারিটা একটু সকালের দিকে দিবেন",yes,,"agreement plus a small request (e.g. হ্যাঁ, একটু তাড়াতাড়ি পাঠাবেন)",2,
yes,"আচ্ছা কনফার্ম করে ফেলেন, কিন্তু প্যাকেটটা যেন সাবধানে আসে",yes,,"agreement plus a small request (e.g. হ্যাঁ, একটু তাড়াতাড়ি পাঠাবেন)",2,
yes,"হুম, কনফার্ম করে দেন ভাই, তবে ডেলিভারিটা একটু তাড়াতাড়ি করার চেষ্টা করবেন",yes,,"agreement plus a small request (e.g. হ্যাঁ, একটু তাড়াতাড়ি পাঠাবেন)",2,
yes,"জি, অর্ডারটা কনফার্ম করে দেন আর পাঠানোর সময় আমাকে একটু জানাবেন",yes,,"agreement plus a small request (e.g. হ্যাঁ, একটু তাড়াতাড়ি পাঠাবেন)",2,
yes,"হ্যাঁ করে দেন, তবে জিনিসটা যেন একটু ভালো করে চেক করে পাঠান",yes,,"agreement plus a small request (e.g. হ্যাঁ, একটু তাড়াতাড়ি পাঠাবেন)",2,
yes,"ঠিক আছে কনফার্ম করেন, তবে ডেলিভারি ম্যানকে বলবেন যেন কল দেয়",yes,,"agreement plus a small request (e.g. হ্যাঁ, একটু তাড়াতাড়ি পাঠাবেন)",2,
yes,"জি ভাই, কনফার্ম করে দেন তো, একটু তাড়াতাড়ি পেলে ভালো হতো",yes,,"agreement plus a small request (e.g. হ্যাঁ, একটু তাড়াতাড়ি পাঠাবেন)",2,
yes,"হ্যাঁ কনফার্ম করে দেন, ডেলিভারিটা যেন সঠিক ঠিকানায় পৌঁছায়",yes,,"agreement plus a small request (e.g. হ্যাঁ, একটু তাড়াতাড়ি পাঠাবেন)",2,
yes,"আচ্ছা, অর্ডার কনফার্ম করে দেন আর ডেলিভারিটা একটু দ্রুত দিবেন প্লিজ",yes,,"agreement plus a small request (e.g. হ্যাঁ, একটু তাড়াতাড়ি পাঠাবেন)",2,
yes,"জি আপু কনফার্ম করে দেন, কিন্তু পাঠানোর আগে আমাকে একটা কল দিবেন",yes,,"agreement plus a small request (e.g. হ্যাঁ, একটু তাড়াতাড়ি পাঠাবেন)",2,
yes,"উম, হ্যাঁ মানে... ঠিক আছে কনফার্ম করে দেন।",yes,,"hesitant but finally agrees, with fillers",3,
yes,"আসলে... জি, অর্ডারটা কনফার্ম করে দিয়েন ভাই।",yes,,"hesitant but finally agrees, with fillers",3,
yes,"হুম, মানে, ঠিক আছে আপু, কনফার্ম করে ফেলেন।",yes,,"hesitant but finally agrees, with fillers",3,
yes,"ইয়ে, হ্যাঁ হ্যাঁ, অর্ডারটা কনফার্ম করে দেন তো।",yes,,"hesitant but finally agrees, with fillers",3,
yes,"মানে... জি, আমার মনে হয় ঠিক আছে, কনফার্ম করেন।",yes,,"hesitant but finally agrees, with fillers",3,
yes,"হুম, আচ্ছা ঠিক আছে ভাই, কনফার্ম করে দেন।",yes,,"hesitant but finally agrees, with fillers",3,
yes,"উম, মানে সব তো ঠিকই আছে, কনফার্ম করে দেন।",yes,,"hesitant but finally agrees, with fillers",3,
yes,"আসলে... জি, ঠিক আছে, অর্ডারটা কনফার্ম করেন।",yes,,"hesitant but finally agrees, with fillers",3,
yes,"ইয়ে, মানে ঠিক আছে, কনফার্ম করে দেন সমস্যা নাই।",yes,,"hesitant but finally agrees, with fillers",3,
yes,"হুম, জি আপু, কনফার্ম করে দেন।",yes,,"hesitant but finally agrees, with fillers",3,
yes,"উম, ঠিক আছে ভাইয়া, কনফার্ম করে দিতে পারেন।",yes,,"hesitant but finally agrees, with fillers",3,
yes,"আসলে, মানে সব ঠিক আছে, কনফার্ম করে ফেলেন।",yes,,"hesitant but finally agrees, with fillers",3,
no,"না ভাই, এখন আর লাগবে না।",no,,plain refusal,4,
no,"না আপু, আমার অর্ডারটা ক্যান্সেল করে দিন।",no,,plain refusal,4,
no,"থাক, এখন আর কনফার্ম করার দরকার নেই।",no,,plain refusal,4,
no,"না না, এটা ক্যান্সেল করে দেন।",no,,plain refusal,4,
no,"আসলে এখন আর নেওয়ার ইচ্ছা নেই, বাদ দেন।",no,,plain refusal,4,
no,"জি না, আমার অর্ডারটা ক্যান্সেল করে দিন প্লিজ।",no,,plain refusal,4,
no,"উম, না থাক, আমার অর্ডারটা ক্যান্সেল করে দিন।",no,,plain refusal,4,
no,"না ভাই, এখন আর কনফার্ম করবেন না।",no,,plain refusal,4,
no,"না, আমার আর অর্ডারটা লাগবে না।",no,,plain refusal,4,
no,"মানে এখন আর দরকার নেই, ক্যান্সেল করে দিন।",no,,plain refusal,4,
no,"না আপু, অর্ডারটা ক্যান্সেল করে দিয়েন।",no,,plain refusal,4,
no,"হুম, এখন আর লাগবে না, বাদ দেন।",no,,plain refusal,4,
no,"জি, অর্ডারটা আপাতত ক্যান্সেল করে দেন",no,,"starts with হ্যাঁ/জি but then refuses (e.g. হ্যাঁ লাগবে না, জি না থাক)",5,
no,"হ্যাঁ, তবে এটা এখন আর লাগবে না",no,,"starts with হ্যাঁ/জি but then refuses (e.g. হ্যাঁ লাগবে না, জি না থাক)",5,
no,"জি না, আমার এখন আর দরকার নেই",no,,"starts with হ্যাঁ/জি but then refuses (e.g. হ্যাঁ লাগবে না, জি না থাক)",5,
no,"হ্যাঁ ভাই, অর্ডারটা ক্যান্সেল করে দিন প্লিজ",no,,"starts with হ্যাঁ/জি but then refuses (e.g. হ্যাঁ লাগবে না, জি না থাক)",5,
no,"জি, এটা আপাতত বাদ দিন",no,,"starts with হ্যাঁ/জি but then refuses (e.g. হ্যাঁ লাগবে না, জি না থাক)",5,
no,"হ্যাঁ আপু, এখন আর কনফার্ম করার দরকার নেই",no,,"starts with হ্যাঁ/জি but then refuses (e.g. হ্যাঁ লাগবে না, জি না থাক)",5,
no,"জি, আমি এটা এখন আর নিচ্ছি না",no,,"starts with হ্যাঁ/জি but then refuses (e.g. হ্যাঁ লাগবে না, জি না থাক)",5,
no,"উম, না থাক, অর্ডারটা ক্যান্সেল করে দেন",no,,"starts with হ্যাঁ/জি but then refuses (e.g. হ্যাঁ লাগবে না, জি না থাক)",5,
no,"জি না, আমার অর্ডারটা এখন ক্যান্সেল করতে চাই",no,,"starts with হ্যাঁ/জি but then refuses (e.g. হ্যাঁ লাগবে না, জি না থাক)",5,
no,"হ্যাঁ, এটা এখন আর নেওয়ার দরকার নেই",no,,"starts with হ্যাঁ/জি but then refuses (e.g. হ্যাঁ লাগবে না, জি না থাক)",5,
no,"জি, থাক ভাই, এটা এখন আর কনফার্ম করবেন না",no,,"starts with হ্যাঁ/জি but then refuses (e.g. হ্যাঁ লাগবে না, জি না থাক)",5,
no,"আসলে এখন আর লাগবে না, ক্যান্সেল করে দেন",no,,"starts with হ্যাঁ/জি but then refuses (e.g. হ্যাঁ লাগবে না, জি না থাক)",5,
no,"না ভাই, এখন টাকা নেই, পরে নিব",no,,"polite refusal with a reason (e.g. এখন টাকা নেই, পরে নিব)",6,
no,"আপু, এখন তো বাজেট নাই, পরে অর্ডার করবো",no,,"polite refusal with a reason (e.g. এখন টাকা নেই, পরে নিব)",6,
no,"উম, আসলে এখন নিচ্ছি না, পরে যোগাযোগ করবো",no,,"polite refusal with a reason (e.g. এখন টাকা নেই, পরে নিব)",6,
no,"না ভাই, আমার কাছে এখন টাকা নেই, অর্ডারটা ক্যান্সেল করেন",no,,"polite refusal with a reason (e.g. এখন টাকা নেই, পরে নিব)",6,
no,"হুম, এখন নিব না, বাজেট শর্ট আছে",no,,"polite refusal with a reason (e.g. এখন টাকা নেই, পরে নিব)",6,
no,"জি না, এখন অর্ডারটা কনফার্ম করবেন না, পরে নিব",no,,"polite refusal with a reason (e.g. এখন টাকা নেই, পরে নিব)",6,
no,"মানে, এখন তো টাকা নাই, পরে দেখি",no,,"polite refusal with a reason (e.g. এখন টাকা নেই, পরে নিব)",6,
no,"ভাইয়া, এখন বাজেট নেই, পরে অর্ডার করবো",no,,"polite refusal with a reason (e.g. এখন টাকা নেই, পরে নিব)",6,
no,"না থাক, এখন নিতে পারছি না, পরে নিব",no,,"polite refusal with a reason (e.g. এখন টাকা নেই, পরে নিব)",6,
no,"আসলে এখন টাকা নেই তো, তাই অর্ডারটা বাদ দিন",no,,"polite refusal with a reason (e.g. এখন টাকা নেই, পরে নিব)",6,
no,"জি না, পরে জানাবো, এখন বাজেট নাই",no,,"polite refusal with a reason (e.g. এখন টাকা নেই, পরে নিব)",6,
no,"উম, এখন তো নিতে পারবো না, পরে দেখা যাবে",no,,"polite refusal with a reason (e.g. এখন টাকা নেই, পরে নিব)",6,
no,"না ভাই, অর্ডারটা ক্যান্সেল করে দেন",no,,cancel using the English word ক্যান্সেল,7,
no,"উম, আসলে এখন আর লাগবে না, ক্যান্সেল করে দিন",no,,cancel using the English word ক্যান্সেল,7,
no,আপু আমার অর্ডারটা ক্যান্সেল করে দেন তো,no,,cancel using the English word ক্যান্সেল,7,
no,"না থাক, আমার অর্ডারটা ক্যান্সেল করে দিন",no,,cancel using the English word ক্যান্সেল,7,
no,"হুম, এটা ক্যান্সেল করে দিলে ভালো হয়",no,,cancel using the English word ক্যান্সেল,7,
no,"জি, অর্ডারটা ক্যান্সেল করে দেন",no,,cancel using the English word ক্যান্সেল,7,
no,"মানে এখন আর নিব না, ক্যান্সেল করে দিন প্লিজ",no,,cancel using the English word ক্যান্সেল,7,
no,"না ভাই, ক্যান্সেল করে দেন, এখন আর দরকার নেই",no,,cancel using the English word ক্যান্সেল,7,
no,"অর্ডারটা ক্যান্সেল করে দেন, এখন আর নিচ্ছি না",no,,cancel using the English word ক্যান্সেল,7,
no,"না আপু, ক্যান্সেল করে দেন, সরি",no,,cancel using the English word ক্যান্সেল,7,
no,"আসলে এখন আর লাগবে না, অর্ডারটা ক্যান্সেল করে দিন",no,,cancel using the English word ক্যান্সেল,7,
no,"না থাক ভাই, আমারটা ক্যান্সেল করে দেন",no,,cancel using the English word ক্যান্সেল,7,
yes,"জি, কনফার্ম করে দেন।",yes,,plain agreement,12,
yes,"হ্যাঁ ভাই, অর্ডারটা কনফার্ম করেন।",yes,,plain agreement,12,
yes,"হুম, ঠিক আছে, কনফার্ম করে ফেলেন।",yes,,plain agreement,12,
yes,"জি আপু, এটাই আমার অর্ডার।",yes,,plain agreement,12,
yes,"হ্যাঁ, অর্ডারটা কনফার্ম করে দিন।",yes,,plain agreement,12,
yes,"উম, হ্যাঁ ঠিক আছে, কনফার্ম করেন।",yes,,plain agreement,12,
yes,"জি ভাই, অর্ডারটা কনফার্ম করে রাখেন।",yes,,plain agreement,12,
yes,"হ্যাঁ, সব ঠিক আছে, কনফার্ম করেন।",yes,,plain agreement,12,
yes,"আচ্ছা, কনফার্ম করে দেন তো।",yes,,plain agreement,12,
yes,"জ্বি, এই অর্ডারটাই কনফার্ম করেন।",yes,,plain agreement,12,
yes,"হুম, এটাই ঠিক আছে, কনফার্ম করেন।",yes,,plain agreement,12,
yes,"জি, অর্ডারটা কনফার্ম করে দিন প্লিজ।",yes,,plain agreement,12,
yes,"না না সমস্যা নেই, কনফার্ম করে দেন।",yes,,starts with না/না না but then agrees (e.g. না না ঠিক আছে দিয়ে দেন),13,
yes,"না না ঠিক আছে, অর্ডারটা দিয়ে দেন ভাই।",yes,,starts with না/না না but then agrees (e.g. না না ঠিক আছে দিয়ে দেন),13,
yes,"না মানে আর কিছু লাগবে না, করে দিন।",yes,,starts with না/না না but then agrees (e.g. না না ঠিক আছে দিয়ে দেন),13,
yes,"না না সব ঠিক আছে, কনফার্ম করেন আপু।",yes,,starts with না/না না but then agrees (e.g. না না ঠিক আছে দিয়ে দেন),13,
yes,"না না চেঞ্জ করতে হবে না, কনফার্ম করেন।",yes,,starts with না/না না but then agrees (e.g. না না ঠিক আছে দিয়ে দেন),13,
yes,"না না এটা থাক, অর্ডারটা কনফার্ম করে দেন।",yes,,starts with না/না না but then agrees (e.g. না না ঠিক আছে দিয়ে দেন),13,
yes,"না না আর কিছু যোগ করবেন না, এটাই ফাইনাল।",yes,,starts with না/না না but then agrees (e.g. না না ঠিক আছে দিয়ে দেন),13,
yes,"না না ঠিক আছে, আমার অর্ডারটা কনফার্ম করেন।",yes,,starts with না/না না but then agrees (e.g. না না ঠিক আছে দিয়ে দেন),13,
yes,"না না আর কিছু লাগবে না, দিয়ে দেন।",yes,,starts with না/না না but then agrees (e.g. না না ঠিক আছে দিয়ে দেন),13,
yes,"না না একদম ঠিক আছে, করে দিন ভাইয়া।",yes,,starts with না/না না but then agrees (e.g. না না ঠিক আছে দিয়ে দেন),13,
yes,"না না আর দেখার দরকার নেই, কনফার্ম করে দেন।",yes,,starts with না/না না but then agrees (e.g. না না ঠিক আছে দিয়ে দেন),13,
yes,"না না ঠিক আছে ভাই, অর্ডারটা কনফার্ম করেন।",yes,,starts with না/না না but then agrees (e.g. না না ঠিক আছে দিয়ে দেন),13,
yes,"জি, কনফার্ম করে দিন তবে ডেলিভারিটা যেন দ্রুত হয়।",yes,,"agreement plus a small request (e.g. হ্যাঁ, একটু তাড়াতাড়ি পাঠাবেন)",14,
yes,"হ্যাঁ ভাই, অর্ডারটা কনফার্ম করেন আর একটু তাড়াতাড়ি পাঠালে ভালো হয়।",yes,,"agreement plus a small request (e.g. হ্যাঁ, একটু তাড়াতাড়ি পাঠাবেন)",14,
yes,"হুম কনফার্ম করেন, তবে প্লিজ পার্সেলটা তাড়াতাড়ি পাঠাবেন।",yes,,"agreement plus a small request (e.g. হ্যাঁ, একটু তাড়াতাড়ি পাঠাবেন)",14,
yes,"জি আপু কনফার্ম করে দিন, যত দ্রুত সম্ভব পাঠালে ভালো হয়।",yes,,"agreement plus a small request (e.g. হ্যাঁ, একটু তাড়াতাড়ি পাঠাবেন)",14,
yes,হ্যাঁ কনফার্ম করেন কিন্তু একটু তাড়াতাড়ি ডেলিভারি দিবেন ভাই।,yes,,"agreement plus a small request (e.g. হ্যাঁ, একটু তাড়াতাড়ি পাঠাবেন)",14,
yes,"আচ্ছা কনফার্ম করে দিন, কালকের মধ্যেই পাঠালে খুব ভালো হতো।",yes,,"agreement plus a small request (e.g. হ্যাঁ, একটু তাড়াতাড়ি পাঠাবেন)",14,
yes,"উম জি কনফার্ম করে দেন, একটু দ্রুত পাঠানোর ব্যবস্থা করবেন।",yes,,"agreement plus a small request (e.g. হ্যাঁ, একটু তাড়াতাড়ি পাঠাবেন)",14,
yes,"হ্যাঁ ভাই কনফার্ম করেন, তাড়াতাড়ি হাতে পেলে ভালো হতো।",yes,,"agreement plus a small request (e.g. হ্যাঁ, একটু তাড়াতাড়ি পাঠাবেন)",14,
yes,"জি, অর্ডারটা কনফার্ম করেন আর একটু তাড়াতাড়ি পাঠাবেন প্লিজ।",yes,,"agreement plus a small request (e.g. হ্যাঁ, একটু তাড়াতাড়ি পাঠাবেন)",14,
yes,"হ্যাঁ কনফার্ম করে দেন, পার্সেলটা একটু দ্রুত পাঠালে খুশি হতাম।",yes,,"agreement plus a small request (e.g. হ্যাঁ, একটু তাড়াতাড়ি পাঠাবেন)",14,
yes,"জি কনফার্ম করেন, একটু তাড়াতাড়ি পাঠাতে পারলে ভালো হয়।",yes,,"agreement plus a small request (e.g. হ্যাঁ, একটু তাড়াতাড়ি পাঠাবেন)",14,
yes,"হ্যাঁ ভাই কনফার্ম করেন, একটু তাড়াতাড়ি ডেলিভারি দিবেন আশা করি।",yes,,"agreement plus a small request (e.g. হ্যাঁ, একটু তাড়াতাড়ি পাঠাবেন)",14,
yes,"উম, হ্যাঁ ভাই, অর্ডারটা কনফার্ম করে দেন।",yes,,"hesitant but finally agrees, with fillers",15,
yes,"মানে, আসলে ঠিক আছে, কনফার্ম করে দেন আপু।",yes,,"hesitant but finally agrees, with fillers",15,
yes,"হুম, ঠিক আছে, অর্ডারটা কনফার্ম করতে পারেন।",yes,,"hesitant but finally agrees, with fillers",15,
yes,"জি, কনফার্ম করে দিন, তবে দেরি যেন না হয়।",yes,,"hesitant but finally agrees, with fillers",15,
yes,"আচ্ছা ঠিক আছে, কনফার্ম করে দেন ভাই।",yes,,"hesitant but finally agrees, with fillers",15,
yes,"আসলে... জি, কনফার্ম করে দিন।",yes,,"hesitant but finally agrees, with fillers",15,
yes,"হুম, কনফার্ম করে দেন ভাই, সমস্যা নেই।",yes,,"hesitant but finally agrees, with fillers",15,
yes,"উম, জি অর্ডারটা কনফার্ম করে দিতে পারেন।",yes,,"hesitant but finally agrees, with fillers",15,
yes,"মানে, ঠিক আছে, কনফার্ম করে দিন আপু।",yes,,"hesitant but finally agrees, with fillers",15,
yes,"হুম, জি ভাই, কনফার্ম করে দেন।",yes,,"hesitant but finally agrees, with fillers",15,
yes,"আচ্ছা ভাই, অর্ডারটা কনফার্ম করে দিন তো।",yes,,"hesitant but finally agrees, with fillers",15,
yes,"উম, জি, কনফার্ম করে দেন, ঠিক আছে।",yes,,"hesitant but finally agrees, with fillers",15,
yes,জ্বি আপু অর্ডারটা কনফার্ম করে ফেলেন,yes,,plain agreement,16,
yes,হুম ঠিক আছে এটাই অর্ডার করে দেন,yes,,plain agreement,16,
yes,অর্ডারটা কনফার্ম রাখেন,yes,,plain agreement,16,
yes,হ্যাঁ কনফার্ম করেন,yes,,plain agreement,16,
yes,জি ভাইয়া সব ঠিক আছে কনফার্ম করে দেন,yes,,plain agreement,16,
yes,হুম অর্ডারটা কনফার্ম করে দিন,yes,,plain agreement,16,
yes,জ্বি ভাই কনফার্ম করে ফেলেন,yes,,plain agreement,16,
yes,ঠিক আছে ভাইয়া অর্ডারটা কনফার্ম করেন,yes,,plain agreement,16,
yes,হ্যাঁ আপু কনফার্ম করে দেন,yes,,plain agreement,16,
yes,জি অর্ডার কনফার্ম করে দিন,yes,,plain agreement,16,
yes,হ্যাঁ ভাই এটাই অর্ডার করে দেন,yes,,plain agreement,16,
yes,না না ঠিক আছে কনফার্ম করে দিন,yes,,starts with না/না না but then agrees (e.g. না না ঠিক আছে দিয়ে দেন),17,
yes,না মানে আর কিছু লাগবে না এটা কনফার্ম করে দেন,yes,,starts with না/না না but then agrees (e.g. না না ঠিক আছে দিয়ে দেন),17,
yes,না না সমস্যা নেই অর্ডারটা কনফার্ম করেন,yes,,starts with না/না না but then agrees (e.g. না না ঠিক আছে দিয়ে দেন),17,
yes,না না ঠিক আছে ভাই অর্ডারটা দিয়ে দেন,yes,,starts with না/না না but then agrees (e.g. না না ঠিক আছে দিয়ে দেন),17,
yes,না না আর কিছু না কনফার্ম করে ফেলেন,yes,,starts with না/না না but then agrees (e.g. না না ঠিক আছে দিয়ে দেন),17,
yes,না না আর লাগবে না এটাই কনফার্ম করেন,yes,,starts with না/না না but then agrees (e.g. না না ঠিক আছে দিয়ে দেন),17,
yes,না না ঠিক আছে এটা কনফার্ম করে দেন,yes,,starts with না/না না but then agrees (e.g. না না ঠিক আছে দিয়ে দেন),17,
yes,না না আর কিছু না কনফার্ম করে দিন ভাই,yes,,starts with না/না না but then agrees (e.g. না না ঠিক আছে দিয়ে দেন),17,
yes,না না ঠিক আছে অর্ডারটা কনফার্ম করেন,yes,,starts with না/না না but then agrees (e.g. না না ঠিক আছে দিয়ে দেন),17,
yes,না না আর লাগবে না এটাই কনফার্ম করে ফেলেন,yes,,starts with না/না না but then agrees (e.g. না না ঠিক আছে দিয়ে দেন),17,
yes,না না ঠিক আছে আপু কনফার্ম করে দিন,yes,,starts with না/না না but then agrees (e.g. না না ঠিক আছে দিয়ে দেন),17,
yes,"হ্যাঁ ভাই, অর্ডারটা কনফার্ম করে দেন আর একটু দ্রুত পাঠাবেন প্লিজ।",yes,,"agreement plus a small request (e.g. হ্যাঁ, একটু তাড়াতাড়ি পাঠাবেন)",18,
yes,"জি, কনফার্ম করে দিন তবে ডেলিভারিটা যেন তাড়াতাড়ি হয়।",yes,,"agreement plus a small request (e.g. হ্যাঁ, একটু তাড়াতাড়ি পাঠাবেন)",18,
yes,"আচ্ছা ঠিক আছে, কনফার্ম করেন কিন্তু ডেলিভারিটা একটু দ্রুত করার চেষ্টা করবেন।",yes,,"agreement plus a small request (e.g. হ্যাঁ, একটু তাড়াতাড়ি পাঠাবেন)",18,
yes,"হুম, কনফার্ম করে দিন তো, আর যত দ্রুত সম্ভব পাঠালে ভালো হয়।",yes,,"agreement plus a small request (e.g. হ্যাঁ, একটু তাড়াতাড়ি পাঠাবেন)",18,
yes,"জি আপু, অর্ডারটা কনফার্ম করেন কিন্তু একটু জলদি পাঠায়েন।",yes,,"agreement plus a small request (e.g. হ্যাঁ, একটু তাড়াতাড়ি পাঠাবেন)",18,
yes,"হ্যাঁ ভাই, কনফার্ম করে দিন কিন্তু ডেলিভারিটা একটু দ্রুত দিবেন।",yes,,"agreement plus a small request (e.g. হ্যাঁ, একটু তাড়াতাড়ি পাঠাবেন)",18,
yes,"ঠিক আছে কনফার্ম করে দিন, তবে পার্সেলটা একটু দ্রুত পাঠাবেন।",yes,,"agreement plus a small request (e.g. হ্যাঁ, একটু তাড়াতাড়ি পাঠাবেন)",18,
yes,"উম, হ্যাঁ কনফার্ম করে দিন, আর একটু তাড়াতাড়ি পেলে সুবিধা হয়।",yes,,"agreement plus a small request (e.g. হ্যাঁ, একটু তাড়াতাড়ি পাঠাবেন)",18,
yes,"জি ভাই, কনফার্ম করেন আর ডেলিভারিটা যত দ্রুত পারা যায় পাঠাবেন।",yes,,"agreement plus a small request (e.g. হ্যাঁ, একটু তাড়াতাড়ি পাঠাবেন)",18,
yes,"হুম, কনফার্ম করে দিন আর একটু দ্রুত পাঠানোর ব্যবস্থা করেন।",yes,,"agreement plus a small request (e.g. হ্যাঁ, একটু তাড়াতাড়ি পাঠাবেন)",18,
yes,"হ্যাঁ, অর্ডারটা কনফার্ম করে ফেলেন আর একটু দ্রুত ডেলিভারি দিলে খুশি হবো।",yes,,"agreement plus a small request (e.g. হ্যাঁ, একটু তাড়াতাড়ি পাঠাবেন)",18,
yes,"আচ্ছা ভাই, কনফার্ম করেন কিন্তু পার্সেলটা একটু দ্রুত পাঠাইয়েন।",yes,,"agreement plus a small request (e.g. হ্যাঁ, একটু তাড়াতাড়ি পাঠাবেন)",18,
yes,"মানে, আসলে ঠিক আছে, কনফার্ম করে দিন",yes,,"hesitant but finally agrees, with fillers",19,
yes,"হুম, ঠিক আছে আপু, কনফার্ম করে ফেলেন",yes,,"hesitant but finally agrees, with fillers",19,
yes,"আসলে ভাবছিলাম, নাহ ঠিক আছে করে দিন",yes,,"hesitant but finally agrees, with fillers",19,
yes,"উম, মানে অর্ডারটা কনফার্ম করে দেন তো",yes,,"hesitant but finally agrees, with fillers",19,
yes,"হুম, আচ্ছা ভাই, কনফার্ম করে দেন তাহলে",yes,,"hesitant but finally agrees, with fillers",19,
yes,"আসলে মানে হ্যাঁ, কনফার্ম করে দিন",yes,,"hesitant but finally agrees, with fillers",19,
yes,"উম, আচ্ছা আপু, অর্ডারটা কনফার্ম করে রাখেন",yes,,"hesitant but finally agrees, with fillers",19,
yes,"হুম, ঠিক আছে ভাইয়া, কনফার্ম করে দিন",yes,,"hesitant but finally agrees, with fillers",19,
yes,"মানে, আসলে কনফার্ম করে ফেলেন আর কি",yes,,"hesitant but finally agrees, with fillers",19,
yes,"উম, ঠিক আছে আপু, কনফার্ম করে দিন",yes,,"hesitant but finally agrees, with fillers",19,
yes,"হুম, মানে ঠিক আছে ভাই, করে ফেলেন",yes,,"hesitant but finally agrees, with fillers",19,
yes,"জি, অর্ডারটা কনফার্ম করে ফেলেন",yes,,plain agreement,20,
yes,ঠিক আছে আপু অর্ডারটা কনফার্ম করে দিন,yes,,plain agreement,20,
yes,হ্যাঁ ভাইয়া কনফার্ম করে দিন প্লিজ,yes,,plain agreement,20,
yes,জি জি কনফার্ম করে ফেলেন,yes,,plain agreement,20,
yes,উম হ্যাঁ ঠিক আছে অর্ডারটা নিয়ে নিন,yes,,plain agreement,20,
yes,আচ্ছা ভাই কনফার্ম করে দেন,yes,,plain agreement,20,
yes,হ্যাঁ আমার অর্ডারটা কনফার্ম করে দিন,yes,,plain agreement,20,
yes,জি এইটা কনফার্ম করে দেন,yes,,plain agreement,20,
yes,হ্যাঁ এটাই অর্ডার করে দেন,yes,,plain agreement,20,
yes,আচ্ছা আপু অর্ডারটা কনফার্ম করে ফেলেন,yes,,plain agreement,20,
yes,না না আর কিছু লাগবে না কনফার্ম করেন,yes,,starts with না/না না but then agrees (e.g. না না ঠিক আছে দিয়ে দেন),21,
yes,না না ঠিক আছে ভাই অর্ডারটা নিয়ে নেন,yes,,starts with না/না না but then agrees (e.g. না না ঠিক আছে দিয়ে দেন),21,
yes,না না আর পরিবর্তন দরকার নেই কনফার্ম করে ফেলেন,yes,,starts with না/না না but then agrees (e.g. না না ঠিক আছে দিয়ে দেন),21,
yes,না না ঠিক আছে আপু অর্ডারটা কনফার্ম করে দেন,yes,,starts with না/না না but then agrees (e.g. না না ঠিক আছে দিয়ে দেন),21,
yes,না না মানে সব ঠিক আছে অর্ডার দিয়ে দেন,yes,,starts with না/না না but then agrees (e.g. না না ঠিক আছে দিয়ে দেন),21,
yes,না না থাক আর কিছু লাগবে না কনফার্ম করুন,yes,,starts with না/না না but then agrees (e.g. না না ঠিক আছে দিয়ে দেন),21,
yes,না না ঠিক আছে ভাই আপনি কনফার্ম করে দেন,yes,,starts with না/না না but then agrees (e.g. না না ঠিক আছে দিয়ে দেন),21,
yes,না না সব ঠিক আছে অর্ডারটা কনফার্ম করেন,yes,,starts with না/না না but then agrees (e.g. না না ঠিক আছে দিয়ে দেন),21,
yes,না না আর চেঞ্জ করতে হবে না কনফার্ম দেন,yes,,starts with না/না না but then agrees (e.g. না না ঠিক আছে দিয়ে দেন),21,
yes,না না ঠিক আছে ভাইয়া অর্ডারটা রেখে দেন,yes,,starts with না/না না but then agrees (e.g. না না ঠিক আছে দিয়ে দেন),21,
yes,"জি কনফার্ম করে দেন, তবে একটু দ্রুত পাঠাবেন প্লিজ।",yes,,"agreement plus a small request (e.g. হ্যাঁ, একটু তাড়াতাড়ি পাঠাবেন)",22,
yes,"হ্যাঁ ভাই কনফার্ম করেন, ডেলিভারিটা যদি একটু তাড়াতাড়ি হতো।",yes,,"agreement plus a small request (e.g. হ্যাঁ, একটু তাড়াতাড়ি পাঠাবেন)",22,
yes,"জি ঠিক আছে, অর্ডারটা একটু দ্রুত কুরিয়ার করে দিয়েন।",yes,,"agreement plus a small request (e.g. হ্যাঁ, একটু তাড়াতাড়ি পাঠাবেন)",22,
yes,"আচ্ছা কনফার্ম করে দিন, যত দ্রুত সম্ভব পাঠালে ভালো হয়।",yes,,"agreement plus a small request (e.g. হ্যাঁ, একটু তাড়াতাড়ি পাঠাবেন)",22,
yes,"হুম কনফার্ম করেন, কিন্তু ডেলিভারিটা একটু জলদি দিবেন।",yes,,"agreement plus a small request (e.g. হ্যাঁ, একটু তাড়াতাড়ি পাঠাবেন)",22,
yes,"জি ভাই কনফার্ম করে দিন, আমার একটু জরুরি তো।",yes,,"agreement plus a small request (e.g. হ্যাঁ, একটু তাড়াতাড়ি পাঠাবেন)",22,
yes,"হ্যাঁ আপু কনফার্ম করে দেন, কাইন্ডলি একটু তাড়াতাড়ি পাঠাবেন।",yes,,"agreement plus a small request (e.g. হ্যাঁ, একটু তাড়াতাড়ি পাঠাবেন)",22,
yes,"জি ঠিক আছে, অর্ডারটা যত তাড়াতাড়ি সম্ভব পাঠালে উপকৃত হতাম।",yes,,"agreement plus a small request (e.g. হ্যাঁ, একটু তাড়াতাড়ি পাঠাবেন)",22,
yes,"আচ্ছা কনফার্ম করে দিন, ডেলিভারিতে একটু দেরি করবেন না প্লিজ।",yes,,"agreement plus a small request (e.g. হ্যাঁ, একটু তাড়াতাড়ি পাঠাবেন)",22,
yes,"হুম ভাই কনফার্ম করেন, যত দ্রুত সম্ভব পাঠালে ভালো হয়।",yes,,"agreement plus a small request (e.g. হ্যাঁ, একটু তাড়াতাড়ি পাঠাবেন)",22,
yes,"জি কনফার্ম করে দেন, আমার ডেলিভারিটা একটু জলদি লাগবে।",yes,,"agreement plus a small request (e.g. হ্যাঁ, একটু তাড়াতাড়ি পাঠাবেন)",22,
yes,"হ্যাঁ ঠিক আছে, অর্ডারটা একটু দ্রুত পাঠালে খুব ভালো হতো।",yes,,"agreement plus a small request (e.g. হ্যাঁ, একটু তাড়াতাড়ি পাঠাবেন)",22,
yes,"মানে, হ্যাঁ ঠিক আছে, অর্ডারটা কনফার্ম করেন",yes,,"hesitant but finally agrees, with fillers",23,
yes,"আসলে... জি, ঠিক আছে, কনফার্ম করে দিন",yes,,"hesitant but finally agrees, with fillers",23,
yes,"হুম, ঠিক আছে আপু, কনফার্ম করে দিতে পারেন",yes,,"hesitant but finally agrees, with fillers",23,
yes,"একটু ভাবছিলাম, তবে ঠিক আছে, কনফার্ম করেন",yes,,"hesitant but finally agrees, with fillers",23,
yes,"উম, হ্যাঁ ভাই, আমার অর্ডারটা কনফার্ম করে দিন",yes,,"hesitant but finally agrees, with fillers",23,
yes,"মানে, ঠিক আছে, কনফার্ম করে ফেলেন",yes,,"hesitant but finally agrees, with fillers",23,
yes,"আসলে ভাই, কনফার্ম করে দেন, সমস্যা নেই",yes,,"hesitant but finally agrees, with fillers",23,
yes,"হুম, ঠিক আছে, অর্ডারটা কনফার্ম করে দিন",yes,,"hesitant but finally agrees, with fillers",23,
yes,"উম, হ্যাঁ আপু, আমার অর্ডারটা কনফার্ম করেন",yes,,"hesitant but finally agrees, with fillers",23,
yes,"একটু দেরি হচ্ছে, তবে ঠিক আছে, কনফার্ম করেন",yes,,"hesitant but finally agrees, with fillers",23,
yes,"মানে, হ্যাঁ ভাই, অর্ডারটা কনফার্ম করে দিন",yes,,"hesitant but finally agrees, with fillers",23,
yes,"জ্বি আপু, এটাই ঠিক আছে",yes,,plain agreement,24,
yes,"হুম, করে দিন",yes,,plain agreement,24,
yes,"আচ্ছা, কনফার্ম করে ফেলেন",yes,,plain agreement,24,
yes,"জি, অর্ডারটা কনফার্ম করেন",yes,,plain agreement,24,
yes,"হ্যাঁ, সব ঠিক আছে, কনফার্ম করে দিন",yes,,plain agreement,24,
yes,"জি ভাইয়া, এটাই রাখেন",yes,,plain agreement,24,
yes,"ঠিক আছে, কনফার্ম করে দিন প্লিজ",yes,,plain agreement,24,
yes,"জি, অর্ডারটা দিয়ে দিন",yes,,plain agreement,24,
yes,"হ্যাঁ, কনফার্ম করে দেন",yes,,plain agreement,24,
yes,"জি আচ্ছা, অর্ডারটা নিয়ে নিন",yes,,plain agreement,24,
yes,"হ্যাঁ, এটাই কনফার্ম করে দিন",yes,,plain agreement,24,
yes,"না না সমস্যা নাই, অর্ডারটা কনফার্ম করে দেন।",yes,,starts with না/না না but then agrees (e.g. না না ঠিক আছে দিয়ে দেন),25,
yes,"না না কাটবেন না, অর্ডারটা কনফার্ম করেন।",yes,,starts with না/না না but then agrees (e.g. না না ঠিক আছে দিয়ে দেন),25,
yes,"উম, না না ঠিকই আছে, আপু কনফার্ম করে দেন।",yes,,starts with না/না না but then agrees (e.g. না না ঠিক আছে দিয়ে দেন),25,
yes,"না না ক্যান্সেল করবেন না, এটাই অর্ডার করে দেন।",yes,,starts with না/না না but then agrees (e.g. না না ঠিক আছে দিয়ে দেন),25,
yes,"না না ঠিক আছে, অর্ডারটা কনফার্ম করেন তো।",yes,,starts with না/না না but then agrees (e.g. না না ঠিক আছে দিয়ে দেন),25,
yes,"না না আসলে আর কিছু লাগবে না, কনফার্ম করেন।",yes,,starts with না/না না but then agrees (e.g. না না ঠিক আছে দিয়ে দেন),25,
yes,"না না একদম ঠিক আছে, অর্ডারটা কনফার্ম করে দিন।",yes,,starts with না/না না but then agrees (e.g. না না ঠিক আছে দিয়ে দেন),25,
yes,"না না ভাই, আপনি অর্ডারটা কনফার্ম করে দেন।",yes,,starts with না/না না but then agrees (e.g. না না ঠিক আছে দিয়ে দেন),25,
yes,"না না আর কিছু চেঞ্জ করতে হবে না, কনফার্ম করে দেন।",yes,,starts with না/না না but then agrees (e.g. না না ঠিক আছে দিয়ে দেন),25,
yes,"হ্যাঁ কনফার্ম করে দেন, তবে একটু দ্রুত ডেলিভারি দিয়েন",yes,,"agreement plus a small request (e.g. হ্যাঁ, একটু তাড়াতাড়ি পাঠাবেন)",26,
yes,"জি ভাইয়া কনফার্ম করেন, পার্সেলটা একটু তাড়াতাড়ি পাঠানোর ব্যবস্থা কইরেন",yes,,"agreement plus a small request (e.g. হ্যাঁ, একটু তাড়াতাড়ি পাঠাবেন)",26,
yes,অর্ডারটা কনফার্ম করেন কিন্তু কালকের মধ্যেই যেন পাই,yes,,"agreement plus a small request (e.g. হ্যাঁ, একটু তাড়াতাড়ি পাঠাবেন)",26,
yes,"আচ্ছা ঠিক আছে কনফার্ম করে দেন, ডেলিভারিটা একটু জলদি দিয়েন",yes,,"agreement plus a small request (e.g. হ্যাঁ, একটু তাড়াতাড়ি পাঠাবেন)",26,
yes,"হ্যাঁ কনফার্ম করেন তো, আমার হাতে সময় খুব কম তাড়াতাড়ি পাঠায়েন",yes,,"agreement plus a small request (e.g. হ্যাঁ, একটু তাড়াতাড়ি পাঠাবেন)",26,
yes,"জি আপু কনফার্ম করে দেন, ডেলিভারিটা একটু সকাল সকাল দিলে ভালো হতো",yes,,"agreement plus a small request (e.g. হ্যাঁ, একটু তাড়াতাড়ি পাঠাবেন)",26,
yes,"হুম কনফার্ম করেন ভাই, একটু দ্রুত পাঠাবেন প্লিজ",yes,,"agreement plus a small request (e.g. হ্যাঁ, একটু তাড়াতাড়ি পাঠাবেন)",26,
yes,অর্ডারটা কনফার্ম করে দেন আর কুরিয়ারে একটু তাড়াতাড়ি দিয়েন,yes,,"agreement plus a small request (e.g. হ্যাঁ, একটু তাড়াতাড়ি পাঠাবেন)",26,
yes,"হ্যাঁ কনফার্ম করেন, ডেলিভারিটা কিন্তু দ্রুত চাই",yes,,"agreement plus a small request (e.g. হ্যাঁ, একটু তাড়াতাড়ি পাঠাবেন)",26,
yes,"জি ভাই অর্ডারটা কনফার্ম করেন, আমারটা যেন একটু তাড়াতাড়ি আসে",yes,,"agreement plus a small request (e.g. হ্যাঁ, একটু তাড়াতাড়ি পাঠাবেন)",26,
yes,"আচ্ছা কনফার্ম করে দেন তো, একটু তাড়াতাড়ি পাঠানোর চেষ্টা কইরেন",yes,,"agreement plus a small request (e.g. হ্যাঁ, একটু তাড়াতাড়ি পাঠাবেন)",26,
yes,"হ্যাঁ কনফার্ম করেন ভাইয়া, ডেলিভারিটা একটু দ্রুত হইলে ভালো হয়",yes,,"agreement plus a small request (e.g. হ্যাঁ, একটু তাড়াতাড়ি পাঠাবেন)",26,
yes,"উম, মানে, আসলে ঠিক আছে, কনফার্ম করে দেন",yes,,"hesitant but finally agrees, with fillers",27,
yes,"হুম, আচ্ছা ভাই, অর্ডারটা কনফার্ম করতে পারেন",yes,,"hesitant but finally agrees, with fillers",27,
yes,"মানে, ঠিক আছে, অর্ডারটা কনফার্ম করে ফেলেন",yes,,"hesitant but finally agrees, with fillers",27,
yes,"আসলে একটু দ্বিধায় ছিলাম, তবে ঠিক আছে কনফার্ম করে দিন",yes,,"hesitant but finally agrees, with fillers",27,
yes,"উম, আচ্ছা আপু, অর্ডারটা কনফার্ম করে দিয়েন",yes,,"hesitant but finally agrees, with fillers",27,
yes,"হুম, ঠিক আছে ভাই, কনফার্ম করে দেন",yes,,"hesitant but finally agrees, with fillers",27,
yes,"মানে, হ্যাঁ, অর্ডারটা কনফার্ম করে দিলেই হবে",yes,,"hesitant but finally agrees, with fillers",27,
yes,"আসলে আরেকবার ভাবলাম, ঠিক আছে কনফার্ম করে দেন",yes,,"hesitant but finally agrees, with fillers",27,
yes,"উম, আচ্ছা, অর্ডারটা তাহলে কনফার্ম করে দিন",yes,,"hesitant but finally agrees, with fillers",27,
yes,"হুম, মানে ঠিক আছে, কনফার্ম করা যায়",yes,,"hesitant but finally agrees, with fillers",27,
yes,"আসলে ভাইয়া, ঠিক আছে কনফার্ম করে ফেলেন",yes,,"hesitant but finally agrees, with fillers",27,
yes,"উম, হ্যাঁ, অর্ডারটা কনফার্ম করে দিন সমস্যা নেই",yes,,"hesitant but finally agrees, with fillers",27,
yes,"হ্যাঁ ভাইয়া, কনফার্ম করে দেন।",yes,,plain agreement,28,
yes,"আচ্ছা ঠিক আছে, কনফার্ম করে দিন।",yes,,plain agreement,28,
yes,"হুম, এটাই ফাইনাল, কনফার্ম রাখেন।",yes,,plain agreement,28,
yes,"জি আপু, ঠিক আছে, কনফার্ম করে দিন।",yes,,plain agreement,28,
yes,"হ্যাঁ, অর্ডারটা নিয়ে নিন।",yes,,plain agreement,28,
yes,"উম, জি ঠিক আছে, কনফার্ম করেন।",yes,,plain agreement,28,
yes,"হ্যাঁ ভাই, একদম ঠিক আছে, কনফার্ম করে দিন।",yes,,plain agreement,28,
yes,অর্ডারটা কনফার্ম করে ফেলেন।,yes,,plain agreement,28,
yes,"জি, সব ঠিক আছে, কনফার্ম রাখেন।",yes,,plain agreement,28,
yes,"হ্যাঁ, এটাই অর্ডার।",yes,,plain agreement,28,
yes,"না না, ঠিক আছে, অর্ডারটা কনফার্ম করে দেন",yes,,starts with না/না না but then agrees (e.g. না না ঠিক আছে দিয়ে দেন),29,
yes,"না, আর কিছু লাগবে না, এটা কনফার্ম করে দিন",yes,,starts with না/না না but then agrees (e.g. না না ঠিক আছে দিয়ে দেন),29,
yes,"না না ভাইয়া, সব ঠিক আছে, কনফার্ম করে দেন",yes,,starts with না/না না but then agrees (e.g. না না ঠিক আছে দিয়ে দেন),29,
yes,"না না, আর চেঞ্জ করতে হবে না, কনফার্ম করে ফেলেন",yes,,starts with না/না না but then agrees (e.g. না না ঠিক আছে দিয়ে দেন),29,
yes,"না না আপু, সব ঠিকঠাক আছে, কনফার্ম করে দিন",yes,,starts with না/না না but then agrees (e.g. না না ঠিক আছে দিয়ে দেন),29,
yes,"না না, আর বাড়াবো না, অর্ডারটা দিয়ে দেন",yes,,starts with না/না না but then agrees (e.g. না না ঠিক আছে দিয়ে দেন),29,
yes,"না না, আর কিছু লাগবে না, কনফার্ম করে দিন",yes,,starts with না/না না but then agrees (e.g. না না ঠিক আছে দিয়ে দেন),29,
yes,"না না, ঠিক আছে সব, কনফার্ম করে দেন",yes,,starts with না/না না but then agrees (e.g. না না ঠিক আছে দিয়ে দেন),29,
yes,"না না মানে আর কিছু লাগবে না, কনফার্ম করে ফেলেন",yes,,starts with না/না না but then agrees (e.g. না না ঠিক আছে দিয়ে দেন),29,
yes,"না না, আর দেরি করবেন না, কনফার্ম করে দিন",yes,,starts with না/না না but then agrees (e.g. না না ঠিক আছে দিয়ে দেন),29,
yes,"না না, একদম ঠিক আছে, অর্ডারটা কনফার্ম করে দেন",yes,,starts with না/না না but then agrees (e.g. না না ঠিক আছে দিয়ে দেন),29,
yes,"না না ভাই, ঠিক আছে, এখন কনফার্ম করে দিন",yes,,starts with না/না না but then agrees (e.g. না না ঠিক আছে দিয়ে দেন),29,
yes,"জি, কনফার্ম করে দেন আর একটু দ্রুত পাঠাবেন প্লিজ",yes,,"agreement plus a small request (e.g. হ্যাঁ, একটু তাড়াতাড়ি পাঠাবেন)",30,
yes,"হ্যাঁ ভাই করে দেন, ডেলিভারিটা কিন্তু জলদি দিয়েন",yes,,"agreement plus a small request (e.g. হ্যাঁ, একটু তাড়াতাড়ি পাঠাবেন)",30,
yes,"হুম করে ফেলেন, তবে ডেলিভারিটা একটু তাড়াহুড়ো করে দিয়েন",yes,,"agreement plus a small request (e.g. হ্যাঁ, একটু তাড়াতাড়ি পাঠাবেন)",30,
yes,"আচ্ছা ঠিক আছে, একটু দ্রুত পাঠানোর ব্যবস্থা করেন ভাইয়া",yes,,"agreement plus a small request (e.g. হ্যাঁ, একটু তাড়াতাড়ি পাঠাবেন)",30,
yes,"হ্যাঁ করে দেন তো, যতটা সম্ভব তাড়াতাড়ি পাঠানোর চেষ্টা করবেন",yes,,"agreement plus a small request (e.g. হ্যাঁ, একটু তাড়াতাড়ি পাঠাবেন)",30,
yes,"জি আপু করে দেন, একটু তাড়াতাড়ি পেলে ভালো হতো",yes,,"agreement plus a small request (e.g. হ্যাঁ, একটু তাড়াতাড়ি পাঠাবেন)",30,
yes,"হ্যাঁ ভাইয়া কনফার্ম করেন, ডেলিভারিটা যেন জলদি হয়",yes,,"agreement plus a small request (e.g. হ্যাঁ, একটু তাড়াতাড়ি পাঠাবেন)",30,
yes,"উম জি কনফার্ম করে দেন, তবে একটু দ্রুত পাঠাবেন",yes,,"agreement plus a small request (e.g. হ্যাঁ, একটু তাড়াতাড়ি পাঠাবেন)",30,
yes,"আচ্ছা ঠিক আছে, একটু তাড়াতাড়ি ডেলিভারি দিবেন কিন্তু",yes,,"agreement plus a small request (e.g. হ্যাঁ, একটু তাড়াতাড়ি পাঠাবেন)",30,
yes,"হ্যাঁ কনফার্ম করেন, ডেলিভারিটা কি একটু দ্রুত পাওয়া যাবে?",yes,,"agreement plus a small request (e.g. হ্যাঁ, একটু তাড়াতাড়ি পাঠাবেন)",30,
yes,"জি করে দেন, একটু দ্রুত পাঠানোর রিকোয়েস্ট থাকলো",yes,,"agreement plus a small request (e.g. হ্যাঁ, একটু তাড়াতাড়ি পাঠাবেন)",30,
yes,"হুম ভাইয়া কনফার্ম করে দেন, একটু তাড়াতাড়ি পাঠালে উপকার হতো",yes,,"agreement plus a small request (e.g. হ্যাঁ, একটু তাড়াতাড়ি পাঠাবেন)",30,
yes,"আসলে, হুম ঠিক আছে, কনফার্ম করে দিন তো ভাই",yes,,"hesitant but finally agrees, with fillers",31,
yes,"মানে, জি কনফার্ম করে দিতে পারেন, সমস্যা নেই",yes,,"hesitant but finally agrees, with fillers",31,
yes,"হুম, একটু ভেবে দেখি... আচ্ছা, কনফার্মই করে দেন",yes,,"hesitant but finally agrees, with fillers",31,
yes,"হ্যাঁ, মানে সব ঠিক আছে, কনফার্ম করে ফেলেন",yes,,"hesitant but finally agrees, with fillers",31,
yes,"জি, অর্ডারটা কনফার্ম করে দিন আপু",yes,,"hesitant but finally agrees, with fillers",31,
yes,"উম, জি ঠিক আছে, কনফার্ম করে দিন",yes,,"hesitant but finally agrees, with fillers",31,
yes,"মানে, ঠিক আছে ভাই, কনফার্ম করে দিন",yes,,"hesitant but finally agrees, with fillers",31,
yes,"আসলে, হুম, কনফার্ম করে দিলেই হবে",yes,,"hesitant but finally agrees, with fillers",31,
yes,"হুম, ঠিক আছে, অর্ডারটা কনফার্ম করে দেন",yes,,"hesitant but finally agrees, with fillers",31,
yes,"জি, সব ঠিক আছে তো, কনফার্ম করে দেন",yes,,"hesitant but finally agrees, with fillers",31,
yes,"উম, মানে ঠিক আছে ভাই, কনফার্ম করে দিন",yes,,"hesitant but finally agrees, with fillers",31,
yes,"জি, অর্ডারটা কনফার্ম করে দিন",yes,,plain agreement,32,
yes,"হ্যাঁ ভাই, এটাই কনফার্ম করেন",yes,,plain agreement,32,
yes,"হুম ঠিক আছে, কনফার্ম করে দেন",yes,,plain agreement,32,
yes,"জ্বি আপু, কনফার্ম করে দিন তো",yes,,plain agreement,32,
yes,"হ্যাঁ, অর্ডারটা কনফার্ম করে ফেলুন",yes,,plain agreement,32,
yes,"জ্বি, আমার অর্ডারটা কনফার্ম করেন",yes,,plain agreement,32,
yes,"হ্যাঁ ঠিক আছে, কনফার্ম করে দিন",yes,,plain agreement,32,
yes,"জ্বি ভাই, অর্ডারটা কনফার্ম করে দেন",yes,,plain agreement,32,
yes,"হুম, কনফার্ম করে দিন প্লিজ",yes,,plain agreement,32,
yes,"হ্যাঁ, অর্ডারটা কনফার্মই করে দেন",yes,,plain agreement,32,
yes,"জি, এটাই ঠিক আছে কনফার্ম করেন",yes,,plain agreement,32,
yes,"জ্বি ভাইয়া, অর্ডারটা কনফার্ম করে ফেলুন",yes,,plain agreement,32,
yes,"না না আর কিছু লাগবে না, অর্ডারটা দিয়ে দিন",yes,,starts with না/না না but then agrees (e.g. না না ঠিক আছে দিয়ে দেন),33,
yes,"না না ভাই, আর দরকার নেই এটা কনফার্ম করেন",yes,,starts with না/না না but then agrees (e.g. না না ঠিক আছে দিয়ে দেন),33,
yes,"না না আপু, সব ঠিক আছে আপনি কনফার্ম করে দিন",yes,,starts with না/না না but then agrees (e.g. না না ঠিক আছে দিয়ে দেন),33,
yes,"না না ঠিক আছে, অর্ডারটা কনফার্ম করে দেন প্লিজ",yes,,starts with না/না না but then agrees (e.g. না না ঠিক আছে দিয়ে দেন),33,
yes,"না না দরকার নেই, আপনি এটা কনফার্ম করে দেন",yes,,starts with না/না না but then agrees (e.g. না না ঠিক আছে দিয়ে দেন),33,
yes,"না না ভাই ঠিক আছে, অর্ডারটা কনফার্ম করেন",yes,,starts with না/না না but then agrees (e.g. না না ঠিক আছে দিয়ে দেন),33,
yes,"না না ঝামেলা নেই, আপনি এটা কনফার্ম করে দিন",yes,,starts with না/না না but then agrees (e.g. না না ঠিক আছে দিয়ে দেন),33,
yes,"না না ঠিক আছে, কনফার্ম করে দেন আপু",yes,,starts with না/না না but then agrees (e.g. না না ঠিক আছে দিয়ে দেন),33,
yes,"না না আর কিছু না, অর্ডারটা কনফার্ম করে দেন",yes,,starts with না/না না but then agrees (e.g. না না ঠিক আছে দিয়ে দেন),33,
yes,"না না ঠিক আছে, আপনি এটা কনফার্ম করে দিন",yes,,starts with না/না না but then agrees (e.g. না না ঠিক আছে দিয়ে দেন),33,
yes,"জি, কনফার্ম করে দিন তবে একটু তাড়াতাড়ি পাঠাবেন",yes,,"agreement plus a small request (e.g. হ্যাঁ, একটু তাড়াতাড়ি পাঠাবেন)",34,
yes,"হ্যাঁ ভাই, কনফার্ম করেন কিন্তু ডেলিভারিটা জলদি দিয়েন",yes,,"agreement plus a small request (e.g. হ্যাঁ, একটু তাড়াতাড়ি পাঠাবেন)",34,
yes,"ঠিক আছে আপু, অর্ডারটা কনফার্ম করেন আর তাড়াতাড়ি পাঠানোর ব্যবস্থা করেন",yes,,"agreement plus a small request (e.g. হ্যাঁ, একটু তাড়াতাড়ি পাঠাবেন)",34,
yes,"জি, কনফার্ম করে দিন, আমার একটু জরুরি দরকার ছিল",yes,,"agreement plus a small request (e.g. হ্যাঁ, একটু তাড়াতাড়ি পাঠাবেন)",34,
yes,"হুম কনফার্ম করেন, তবে একটু দ্রুত ডেলিভারি দিলে ভালো হয়",yes,,"agreement plus a small request (e.g. হ্যাঁ, একটু তাড়াতাড়ি পাঠাবেন)",34,
yes,"হ্যাঁ ঠিক আছে, অর্ডারটা কনফার্ম করে তাড়াতাড়ি পাঠাবেন প্লিজ",yes,,"agreement plus a small request (e.g. হ্যাঁ, একটু তাড়াতাড়ি পাঠাবেন)",34,
yes,"জি ভাই, কনফার্ম করেন কিন্তু হাতে একটু তাড়াতাড়ি পেলে ভালো হয়",yes,,"agreement plus a small request (e.g. হ্যাঁ, একটু তাড়াতাড়ি পাঠাবেন)",34,
yes,"আচ্ছা কনফার্ম করে দিন, যতটা সম্ভব দ্রুত পাঠাবেন",yes,,"agreement plus a small request (e.g. হ্যাঁ, একটু তাড়াতাড়ি পাঠাবেন)",34,
yes,"ঠিক আছে, অর্ডারটা কনফার্ম করেন আর তাড়াতাড়ি পাঠানোর চেষ্টা করবেন",yes,,"agreement plus a small request (e.g. হ্যাঁ, একটু তাড়াতাড়ি পাঠাবেন)",34,
yes,"জি, কনফার্ম করে ফেলুন আর ডেলিভারিটা একটু ফাস্ট দিয়েন",yes,,"agreement plus a small request (e.g. হ্যাঁ, একটু তাড়াতাড়ি পাঠাবেন)",34,
yes,"হুম ঠিক আছে, কনফার্ম করেন তবে দেরি করবেন না কিন্তু",yes,,"agreement plus a small request (e.g. হ্যাঁ, একটু তাড়াতাড়ি পাঠাবেন)",34,
yes,"জি আপু, অর্ডারটা কনফার্ম করে একটু দ্রুত পাঠানোর ব্যবস্থা করেন",yes,,"agreement plus a small request (e.g. হ্যাঁ, একটু তাড়াতাড়ি পাঠাবেন)",34,
no,"না ভাই, আপাতত লাগবে না।",no,,plain refusal,35,
no,"উম, না এটা আমার লাগবে না।",no,,plain refusal,35,
no,"না আপু, অর্ডারটা ক্যান্সেল করে দেন।",no,,plain refusal,35,
no,"আসলে এখন আর নিব না, এটা ক্যান্সেল করে দিন।",no,,plain refusal,35,
no,"না, আমার আর কনফার্ম করার দরকার নেই।",no,,plain refusal,35,
no,"হুম, থাক এখন আর নিতে পারছি না।",no,,plain refusal,35,
no,"না এটা ক্যান্সেল করে দেন, এখন লাগবে না।",no,,plain refusal,35,
no,"না ভাই, অর্ডারটা বাদ দিয়ে দিন।",no,,plain refusal,35,
no,"মানে এখন নিব না, ক্যান্সেল করে দেন।",no,,plain refusal,35,
no,"না আপু, এটা লাগবে না আর।",no,,plain refusal,35,
no,"না, এই অর্ডারটা আমি নিতে চাচ্ছি না।",no,,plain refusal,35,
no,"না ভাই, এটা ক্যান্সেল করে দেন প্লিজ।",no,,plain refusal,35,
no,"জি, না থাক, আপাতত লাগবে না।",no,,"starts with হ্যাঁ/জি but then refuses (e.g. হ্যাঁ লাগবে না, জি না থাক)",36,
no,"হ্যাঁ, কিন্তু এই অর্ডারটা ক্যান্সেল করে দিন।",no,,"starts with হ্যাঁ/জি but then refuses (e.g. হ্যাঁ লাগবে না, জি না থাক)",36,
no,"জি, এটা এখন আর কনফার্ম করবেন না।",no,,"starts with হ্যাঁ/জি but then refuses (e.g. হ্যাঁ লাগবে না, জি না থাক)",36,
no,"হ্যাঁ, মানে আসলে আমার এখন এটা দরকার নেই।",no,,"starts with হ্যাঁ/জি but then refuses (e.g. হ্যাঁ লাগবে না, জি না থাক)",36,
no,"জি, না ভাইয়া, অর্ডারটা ক্যান্সেল করে দেন।",no,,"starts with হ্যাঁ/জি but then refuses (e.g. হ্যাঁ লাগবে না, জি না থাক)",36,
no,"হ্যাঁ, আপাতত থাক, আমি পরে নিব।",no,,"starts with হ্যাঁ/জি but then refuses (e.g. হ্যাঁ লাগবে না, জি না থাক)",36,
no,"জি, সরি, এটা ক্যান্সেল করে দিন।",no,,"starts with হ্যাঁ/জি but then refuses (e.g. হ্যাঁ লাগবে না, জি না থাক)",36,
no,"হ্যাঁ, উম, আমার এখন আর এটার দরকার নাই।",no,,"starts with হ্যাঁ/জি but then refuses (e.g. হ্যাঁ লাগবে না, জি না থাক)",36,
no,"জি, না আপু, এটা আমি আর নিচ্ছি না।",no,,"starts with হ্যাঁ/জি but then refuses (e.g. হ্যাঁ লাগবে না, জি না থাক)",36,
no,"হ্যাঁ, আসলে এখন আর অর্ডারটা কনফার্ম করতে চাচ্ছি না।",no,,"starts with হ্যাঁ/জি but then refuses (e.g. হ্যাঁ লাগবে না, জি না থাক)",36,
no,"জি না, এই অর্ডারটা ক্যান্সেল করে দিন প্লিজ।",no,,"starts with হ্যাঁ/জি but then refuses (e.g. হ্যাঁ লাগবে না, জি না থাক)",36,
no,"হ্যাঁ, থাক ভাইয়া, এখন আর লাগবে না।",no,,"starts with হ্যাঁ/জি but then refuses (e.g. হ্যাঁ লাগবে না, জি না থাক)",36,
no,"না ভাই, এখন নিব না, টাকা হাতে নেই",no,,"polite refusal with a reason (e.g. এখন টাকা নেই, পরে নিব)",37,
no,"আপু আসলে এখন বাজেট নেই, অর্ডারটা ক্যান্সেল করে দেন",no,,"polite refusal with a reason (e.g. এখন টাকা নেই, পরে নিব)",37,
no,"জি, অর্ডারটা ক্যান্সেল করেন, পরে অন্য সময় নিব",no,,"polite refusal with a reason (e.g. এখন টাকা নেই, পরে নিব)",37,
no,"না থাক, এখন আর অর্ডার কনফার্ম করবেন না, টাকা শর্ট আছে",no,,"polite refusal with a reason (e.g. এখন টাকা নেই, পরে নিব)",37,
no,"হুম, এখন নিব না, পরে দেখে আবার অর্ডার করব",no,,"polite refusal with a reason (e.g. এখন টাকা নেই, পরে নিব)",37,
no,"না ভাই, বাজেট নাই, তাই এখন আর অর্ডারটা কনফার্ম করতে পারছি না",no,,"polite refusal with a reason (e.g. এখন টাকা নেই, পরে নিব)",37,
no,"মানে এখন টাকাটা একটু সমস্যা, অর্ডারটা ক্যান্সেল করে দেন প্লিজ",no,,"polite refusal with a reason (e.g. এখন টাকা নেই, পরে নিব)",37,
no,"না আপু, এখন আর দরকার নেই, পরে নিলে জানাবো",no,,"polite refusal with a reason (e.g. এখন টাকা নেই, পরে নিব)",37,
no,"আসলে এখন টাকা নেই, তাই অর্ডারটা ক্যান্সেল করে দেন",no,,"polite refusal with a reason (e.g. এখন টাকা নেই, পরে নিব)",37,
no,"জি না, এখন নিব না, টাকাটা অন্য জায়গায় খরচ হয়ে গেছে",no,,"polite refusal with a reason (e.g. এখন টাকা নেই, পরে নিব)",37,
no,"না ভাই, এখন আর অর্ডারটা কনফার্ম করবেন না, বাজেট নাই",no,,"polite refusal with a reason (e.g. এখন টাকা নেই, পরে নিব)",37,
no,"থাক আপু, এখন আর নিব না, পরে যোগাযোগ করব",no,,"polite refusal with a reason (e.g. এখন টাকা নেই, পরে নিব)",37,
no,"না ভাই, অর্ডারটা ক্যান্সেল করে দিন",no,,cancel using the English word ক্যান্সেল,38,
no,"উম, আসলে অর্ডারটা ক্যান্সেল করে দেন তো",no,,cancel using the English word ক্যান্সেল,38,
no,"না আপু, আপাতত আমার ক্যান্সেল করতে হবে",no,,cancel using the English word ক্যান্সেল,38,
no,"হুম, ক্যান্সেল করে দেন, এখন আর লাগবে না",no,,cancel using the English word ক্যান্সেল,38,
no,"জি, অর্ডারটা ক্যান্সেল করে দিন প্লিজ",no,,cancel using the English word ক্যান্সেল,38,
no,"মানে এখন আর নিব না, ক্যান্সেল করে দিন",no,,cancel using the English word ক্যান্সেল,38,
no,"না ভাই, ক্যান্সেল করেন, আমার লাগবে না",no,,cancel using the English word ক্যান্সেল,38,
no,"আচ্ছা, অর্ডারটা ক্যান্সেলই করে দেন",no,,cancel using the English word ক্যান্সেল,38,
no,"না, আমার অর্ডারটা ক্যান্সেল করতে হবে",no,,cancel using the English word ক্যান্সেল,38,
no,"আসলে এখন আর প্রয়োজন নেই, ক্যান্সেল করে দেন",no,,cancel using the English word ক্যান্সেল,38,
no,"না ভাই, এটা ক্যান্সেল করে দিন",no,,cancel using the English word ক্যান্সেল,38,
no,"জি, অর্ডারটা ক্যান্সেল করে দিলে ভালো হয়",no,,cancel using the English word ক্যান্সেল,38,
no,অর্ডারটা ক্যান্সেল করে দেন,no,,plain refusal,39,
no,"না আপু, এটা আমি এখন আর নিচ্ছি না",no,,plain refusal,39,
no,"উম, থাক, এখন আর দরকার নেই",no,,plain refusal,39,
no,"না, আমার অর্ডারটা ক্যান্সেল করে দিন",no,,plain refusal,39,
no,"আসলে এখন আর নিব না, সরি",no,,plain refusal,39,
no,"না, থাক, এই অর্ডারটা হবে না",no,,plain refusal,39,
no,"হুম, ক্যান্সেল করে দেন, লাগবে না",no,,plain refusal,39,
no,"না ভাই, এখন আর অর্ডারটা কনফার্ম করবেন না",no,,plain refusal,39,
no,"বাদ দেন, এখন আর নিব না",no,,plain refusal,39,
no,"না, এটা ক্যান্সেল করে দিন প্লিজ",no,,plain refusal,39,
no,"মানে, এখন আর দরকার নাই, সরি",no,,plain refusal,39,
no,"জি, অর্ডারটা আর লাগবে না ভাই।",no,,"starts with হ্যাঁ/জি but then refuses (e.g. হ্যাঁ লাগবে না, জি না থাক)",40,
no,"হ্যাঁ, মানে আসলে আমার এখন আর দরকার নেই।",no,,"starts with হ্যাঁ/জি but then refuses (e.g. হ্যাঁ লাগবে না, জি না থাক)",40,
no,"জি না, এই অর্ডারটা ক্যান্সেল করে দিন।",no,,"starts with হ্যাঁ/জি but then refuses (e.g. হ্যাঁ লাগবে না, জি না থাক)",40,
no,"হুম, এখন আর লাগবে না, থাক।",no,,"starts with হ্যাঁ/জি but then refuses (e.g. হ্যাঁ লাগবে না, জি না থাক)",40,
no,"জি ভাইয়া, অর্ডারটা এখন আর কনফার্ম করবেন না।",no,,"starts with হ্যাঁ/জি but then refuses (e.g. হ্যাঁ লাগবে না, জি না থাক)",40,
no,"আচ্ছা, আপাতত আমার অর্ডারটা ক্যান্সেল করে দেন।",no,,"starts with হ্যাঁ/জি but then refuses (e.g. হ্যাঁ লাগবে না, জি না থাক)",40,
no,"হ্যাঁ আপু, অর্ডারটা বাদ দিয়ে দিন প্লিজ।",no,,"starts with হ্যাঁ/জি but then refuses (e.g. হ্যাঁ লাগবে না, জি না থাক)",40,
no,"জি, অর্ডারটা থাক, এখন আর দরকার নেই।",no,,"starts with হ্যাঁ/জি but then refuses (e.g. হ্যাঁ লাগবে না, জি না থাক)",40,
no,"উম, না ভাইয়া, অর্ডারটা কনফার্ম করার দরকার নেই।",no,,"starts with হ্যাঁ/জি but then refuses (e.g. হ্যাঁ লাগবে না, জি না থাক)",40,
no,"জি না, আমি এখন আর নিচ্ছি না।",no,,"starts with হ্যাঁ/জি but then refuses (e.g. হ্যাঁ লাগবে না, জি না থাক)",40,
no,"হ্যাঁ, অর্ডারটা ক্যান্সেল করে দিলে ভালো হয়।",no,,"starts with হ্যাঁ/জি but then refuses (e.g. হ্যাঁ লাগবে না, জি না থাক)",40,
no,"জি ভাই, এখন আর লাগবে না, পরে দেখে নেব।",no,,"starts with হ্যাঁ/জি but then refuses (e.g. হ্যাঁ লাগবে না, জি না থাক)",40,
no,"জি না ভাই, এখন টাকা নেই, পরে অর্ডার করব",no,,"polite refusal with a reason (e.g. এখন টাকা নেই, পরে নিব)",41,
no,"আপু, আসলে এখন বাজেট নাই, অর্ডারটা ক্যানসেল করে দিন",no,,"polite refusal with a reason (e.g. এখন টাকা নেই, পরে নিব)",41,
no,"হুম, এখন নিব না, পরে জানাবো",no,,"polite refusal with a reason (e.g. এখন টাকা নেই, পরে নিব)",41,
no,"না ভাই, এখন টাকা হাতে নেই, পরে নিব",no,,"polite refusal with a reason (e.g. এখন টাকা নেই, পরে নিব)",41,
no,"উম, মানে এখন অর্ডারটা কনফার্ম করবেন না প্লিজ",no,,"polite refusal with a reason (e.g. এখন টাকা নেই, পরে নিব)",41,
no,"আসলে এখন নেওয়া সম্ভব না, ক্যানসেল করে দিন",no,,"polite refusal with a reason (e.g. এখন টাকা নেই, পরে নিব)",41,
no,"না আপু, এখন আর লাগবে না, পরে যোগাযোগ করব",no,,"polite refusal with a reason (e.g. এখন টাকা নেই, পরে নিব)",41,
no,"ভাই, এখন টাকা নেই তো, অর্ডারটা এখন না থাক",no,,"polite refusal with a reason (e.g. এখন টাকা নেই, পরে নিব)",41,
no,"সরি ভাই, এখন নিতে পারব না, ক্যানসেল করে দিন",no,,"polite refusal with a reason (e.g. এখন টাকা নেই, পরে নিব)",41,
no,"হুম, এখন না, পরে অর্ডার করব",no,,"polite refusal with a reason (e.g. এখন টাকা নেই, পরে নিব)",41,
no,"আপু, টাকা শর্ট আছে, এখন অর্ডারটা কনফার্ম করবেন না",no,,"polite refusal with a reason (e.g. এখন টাকা নেই, পরে নিব)",41,
no,"না ভাই, এখন আর নিচ্ছি না, পরে নেব",no,,"polite refusal with a reason (e.g. এখন টাকা নেই, পরে নিব)",41,
no,"উম, থাক আপু, অর্ডারটা ক্যান্সেলই করে দিন",no,,cancel using the English word ক্যান্সেল,42,
no,"আসলে এখন আর নিব না, ক্যান্সেল করে দিন",no,,cancel using the English word ক্যান্সেল,42,
no,"না ভাই, আমার অর্ডারটা ক্যান্সেল করেন",no,,cancel using the English word ক্যান্সেল,42,
no,"না না, আমার এটা ক্যান্সেল লাগবে",no,,cancel using the English word ক্যান্সেল,42,
no,"হুম, ক্যান্সেল করে দেন, এখন আর দরকার নেই",no,,cancel using the English word ক্যান্সেল,42,
no,"মানে, আমার অর্ডারটা ক্যান্সেল করতে চাই",no,,cancel using the English word ক্যান্সেল,42,
no,"না আপু, এটা ক্যান্সেল করে দিন",no,,cancel using the English word ক্যান্সেল,42,
no,"থাক ভাই, ক্যান্সেল করে দিন, আমি নিব না",no,,cancel using the English word ক্যান্সেল,42,
no,"জি, ক্যান্সেল করে দেন, এখন আর লাগবে না",no,,cancel using the English word ক্যান্সেল,42,
no,"না ভাই, অর্ডারটা ক্যান্সেল করে দেওয়াই ভালো",no,,cancel using the English word ক্যান্সেল,42,
no,"না ভাই, আপাতত আর লাগবে না।",no,,plain refusal,43,
no,"থাক ভাই, এখন আর অর্ডার কনফার্ম করার দরকার নাই।",no,,plain refusal,43,
no,"না না, এটা আমি নেব না।",no,,plain refusal,43,
no,"মানে, আসলে এখন আর আমার এটা লাগবে না।",no,,plain refusal,43,
no,"না, আমার অর্ডারটা ক্যান্সেল করে দিন প্লিজ।",no,,plain refusal,43,
no,"না ভাই, এখন আর কনফার্ম করার দরকার নেই।",no,,plain refusal,43,
no,"উম, না থাক, আমি অন্য সময় নিব।",no,,plain refusal,43,
no,"না আপু, আমার অর্ডারটা ক্যান্সেল করে দেন তো।",no,,plain refusal,43,
no,"না ভাই, এটা এখন আর নিচ্ছি না।",no,,plain refusal,43,
no,"না, লাগবে না। ক্যানসেল করে দেন।",no,,plain refusal,43,
no,"না ভাই, আপাতত থাক।",no,,plain refusal,43,
no,"জি না, আমার আর দরকার নেই।",no,,"starts with হ্যাঁ/জি but then refuses (e.g. হ্যাঁ লাগবে না, জি না থাক)",44,
no,"হ্যাঁ, অর্ডারটা ক্যান্সেল করে দেন ভাই।",no,,"starts with হ্যাঁ/জি but then refuses (e.g. হ্যাঁ লাগবে না, জি না থাক)",44,
no,"জি, আসলে এখন আর লাগবে না।",no,,"starts with হ্যাঁ/জি but then refuses (e.g. হ্যাঁ লাগবে না, জি না থাক)",44,
no,"হ্যাঁ, এটা বাদ দিয়ে দেন প্লিজ।",no,,"starts with হ্যাঁ/জি but then refuses (e.g. হ্যাঁ লাগবে না, জি না থাক)",44,
no,"জি না থাক, আমি এখন নিচ্ছি না।",no,,"starts with হ্যাঁ/জি but then refuses (e.g. হ্যাঁ লাগবে না, জি না থাক)",44,
no,"হ্যাঁ, আপাতত অর্ডারটা ক্যান্সেল করে দিন।",no,,"starts with হ্যাঁ/জি but then refuses (e.g. হ্যাঁ লাগবে না, জি না থাক)",44,
no,"জি, আমার মনে হয় না এখন লাগবে।",no,,"starts with হ্যাঁ/জি but then refuses (e.g. হ্যাঁ লাগবে না, জি না থাক)",44,
no,"হ্যাঁ ভাই, অর্ডারটা আপাতত ক্যান্সেল করেন।",no,,"starts with হ্যাঁ/জি but then refuses (e.g. হ্যাঁ লাগবে না, জি না থাক)",44,
no,"জি না, আমি এটা নিতে চাচ্ছি না।",no,,"starts with হ্যাঁ/জি but then refuses (e.g. হ্যাঁ লাগবে না, জি না থাক)",44,
no,"হ্যাঁ আপু, অর্ডারটা ক্যান্সেল করে দিন।",no,,"starts with হ্যাঁ/জি but then refuses (e.g. হ্যাঁ লাগবে না, জি না থাক)",44,
no,"জি না, এখন আর অর্ডারটা কনফার্ম করবেন না।",no,,"starts with হ্যাঁ/জি but then refuses (e.g. হ্যাঁ লাগবে না, জি না থাক)",44,
no,"হ্যাঁ উম, এটা ক্যান্সেল করে দিলে ভালো হয়।",no,,"starts with হ্যাঁ/জি but then refuses (e.g. হ্যাঁ লাগবে না, জি না থাক)",44,
no,"ভাই এখন টাকা নাই, পরে অর্ডার করবো",no,,"polite refusal with a reason (e.g. এখন টাকা নেই, পরে নিব)",45,
no,"আপু আসলে এখন বাজেট নাই, ক্যান্সেল করে দেন",no,,"polite refusal with a reason (e.g. এখন টাকা নেই, পরে নিব)",45,
no,"জি না, এখন নিবো না, পরে জানাবো",no,,"polite refusal with a reason (e.g. এখন টাকা নেই, পরে নিব)",45,
no,"উম সরি ভাই, এখন আর দরকার নেই",no,,"polite refusal with a reason (e.g. এখন টাকা নেই, পরে নিব)",45,
no,"আসলে এখন পেমেন্ট নাই, ক্যান্সেল করে দিন",no,,"polite refusal with a reason (e.g. এখন টাকা নেই, পরে নিব)",45,
no,"আপু এখন অর্ডারটা কনফার্ম করবো না, পরে নিব",no,,"polite refusal with a reason (e.g. এখন টাকা নেই, পরে নিব)",45,
no,"জি ভাই, এখন আর অর্ডারটা লাগবে না",no,,"polite refusal with a reason (e.g. এখন টাকা নেই, পরে নিব)",45,
no,"মানে এখন বাজেট নাই তো, থাক পরে নিব",no,,"polite refusal with a reason (e.g. এখন টাকা নেই, পরে নিব)",45,
no,"না ভাই, এখন টাকা নেই, ক্যান্সেল করে দিন",no,,"polite refusal with a reason (e.g. এখন টাকা নেই, পরে নিব)",45,
no,"আপু সরি, এখন নিবো না, পরে যোগাযোগ করবো",no,,"polite refusal with a reason (e.g. এখন টাকা নেই, পরে নিব)",45,
no,"এখন আর নিবো না ভাই, ক্যান্সেল করে দেন",no,,"polite refusal with a reason (e.g. এখন টাকা নেই, পরে নিব)",45,
no,"জি ভাইয়া, আপাতত ক্যান্সেল করে দিন, পরে নিব",no,,"polite refusal with a reason (e.g. এখন টাকা নেই, পরে নিব)",45,
no,"না ভাই, আমার অর্ডারটা ক্যান্সেল করে দেন।",no,,cancel using the English word ক্যান্সেল,46,
no,"উম, আসলে আমার এটা লাগবে না, ক্যান্সেল করে দিন।",no,,cancel using the English word ক্যান্সেল,46,
no,"আপু, এই অর্ডারটা ক্যান্সেল করতে চাই।",no,,cancel using the English word ক্যান্সেল,46,
no,"না লাগবে না, অর্ডারটা ক্যান্সেল করে দিন প্লিজ।",no,,cancel using the English word ক্যান্সেল,46,
no,"মানে, আমি তো এটা নিব না, ক্যান্সেল করে দেন।",no,,cancel using the English word ক্যান্সেল,46,
no,"জি না, আমার অর্ডারটা ক্যান্সেল করে দেন ভাই।",no,,cancel using the English word ক্যান্সেল,46,
no,"না আপু, ক্যান্সেল করে দেন, আমার এখন দরকার নেই।",no,,cancel using the English word ক্যান্সেল,46,
no,"হুম, আমার আর লাগবে না, অর্ডারটা ক্যান্সেল করেন।",no,,cancel using the English word ক্যান্সেল,46,
no,"না ভাই, ক্যান্সেল করে দেন এটা।",no,,cancel using the English word ক্যান্সেল,46,
no,"আসলে আমি নিব না, অর্ডারটা ক্যান্সেল করে দিন।",no,,cancel using the English word ক্যান্সেল,46,
no,"না, এই অর্ডারটা ক্যান্সেল করে দেন প্লিজ।",no,,cancel using the English word ক্যান্সেল,46,
no,"উম, না আপু, ক্যান্সেল করে দেন অর্ডারটা।",no,,cancel using the English word ক্যান্সেল,46,
no,"না ভাই, এখন আর অর্ডারটা নিব না",no,,plain refusal,47,
no,"থাক, ক্যান্সেল করে দেন",no,,plain refusal,47,
no,"না আপু, আমার এখন দরকার নেই",no,,plain refusal,47,
no,"উম, থাক, আমি আর নিচ্ছি না",no,,plain refusal,47,
no,"না, এই অর্ডারটা ক্যান্সেল করে দিন",no,,plain refusal,47,
no,"আসলে এখন আর লাগবে না, বাদ দিন",no,,plain refusal,47,
no,"না, আপাতত অর্ডারটা ক্যান্সেল করেন",no,,plain refusal,47,
no,"হুম, এটা ক্যান্সেল করে দেন তো",no,,plain refusal,47,
no,"না ভাই, এখন আর নিতে পারছি না",no,,plain refusal,47,
no,"না মানে, অর্ডারটা ক্যান্সেল করে দিন",no,,plain refusal,47,
no,"না থাক, আমার আর দরকার নেই",no,,plain refusal,47,
no,"না, এটা আর কনফার্ম করবেন না",no,,plain refusal,47,
no,"জি, অর্ডারটা আপাতত লাগবে না ভাইয়া।",no,,"starts with হ্যাঁ/জি but then refuses (e.g. হ্যাঁ লাগবে না, জি না থাক)",48,
no,"হ্যাঁ, কিন্তু এই মুহূর্তে অর্ডারটা ক্যান্সেল করতে চাই।",no,,"starts with হ্যাঁ/জি but then refuses (e.g. হ্যাঁ লাগবে না, জি না থাক)",48,
no,"জি, তবে এখন আর অর্ডারটা কনফার্ম করবেন না।",no,,"starts with হ্যাঁ/জি but then refuses (e.g. হ্যাঁ লাগবে না, জি না থাক)",48,
no,"জি না, আমার অর্ডারটা ক্যান্সেল করে দিন।",no,,"starts with হ্যাঁ/জি but then refuses (e.g. হ্যাঁ লাগবে না, জি না থাক)",48,
no,"হ্যাঁ, মানে আসলে অর্ডারটা এখন আর লাগবে না।",no,,"starts with হ্যাঁ/জি but then refuses (e.g. হ্যাঁ লাগবে না, জি না থাক)",48,
no,"জি, অর্ডারটা থাক, এখন নিব না।",no,,"starts with হ্যাঁ/জি but then refuses (e.g. হ্যাঁ লাগবে না, জি না থাক)",48,
no,"জি ভাই, অর্ডারটা ক্যান্সেল করে দিয়েন প্লিজ।",no,,"starts with হ্যাঁ/জি but then refuses (e.g. হ্যাঁ লাগবে না, জি না থাক)",48,
no,"হ্যাঁ, কিন্তু এই অর্ডারটা আমি নিতে পারছি না।",no,,"starts with হ্যাঁ/জি but then refuses (e.g. হ্যাঁ লাগবে না, জি না থাক)",48,
no,"জি আপু, অর্ডারটা ক্যান্সেল করে দেওয়াই ভালো।",no,,"starts with হ্যাঁ/জি but then refuses (e.g. হ্যাঁ লাগবে না, জি না থাক)",48,
no,"হ্যাঁ, আসলে অর্ডারটা এখন না নিলেও চলবে।",no,,"starts with হ্যাঁ/জি but then refuses (e.g. হ্যাঁ লাগবে না, জি না থাক)",48,
no,"জি, আমার অর্ডারটা আপাতত ক্যান্সেল করে দিন।",no,,"starts with হ্যাঁ/জি but then refuses (e.g. হ্যাঁ লাগবে না, জি না থাক)",48,
no,"হ্যাঁ, অর্ডারটা আর কনফার্ম করার দরকার নাই।",no,,"starts with হ্যাঁ/জি but then refuses (e.g. হ্যাঁ লাগবে না, জি না থাক)",48,
no,"আসলে এখন বাজেট নেই, অর্ডারটা ক্যান্সেল করে দিন।",no,,"polite refusal with a reason (e.g. এখন টাকা নেই, পরে নিব)",49,
no,"আপু এখন তো হবে না, পরে নিবানি।",no,,"polite refusal with a reason (e.g. এখন টাকা নেই, পরে নিব)",49,
no,"হুম, এখন না থাক, আমার কাছে টাকা নাই।",no,,"polite refusal with a reason (e.g. এখন টাকা নেই, পরে নিব)",49,
no,"উম, মানে অর্ডারটা এখন লাগবে না, পরে করবো।",no,,"polite refusal with a reason (e.g. এখন টাকা নেই, পরে নিব)",49,
no,"না ভাই, সমস্যা আছে পরে অর্ডার করবো।",no,,"polite refusal with a reason (e.g. এখন টাকা নেই, পরে নিব)",49,
no,"এখন তো টাকা নাই, পরে অন্যদিন নিব।",no,,"polite refusal with a reason (e.g. এখন টাকা নেই, পরে নিব)",49,
no,"জি, এখন না থাক, পরে জানাবো।",no,,"polite refusal with a reason (e.g. এখন টাকা নেই, পরে নিব)",49,
no,"না আপু, এখন বাজেট নাই পরে নিবো।",no,,"polite refusal with a reason (e.g. এখন টাকা নেই, পরে নিব)",49,
no,"আসলে এখন আর নিচ্ছি না, পরে অর্ডার করবো।",no,,"polite refusal with a reason (e.g. এখন টাকা নেই, পরে নিব)",49,
no,"হুম, এখন না থাক, পরে দেখা যাবে।",no,,"polite refusal with a reason (e.g. এখন টাকা নেই, পরে নিব)",49,
no,"না ভাই, টাকা নাই এখন ক্যান্সেল করে দেন।",no,,"polite refusal with a reason (e.g. এখন টাকা নেই, পরে নিব)",49,
no,"উম, থাক আপু, এটা ক্যান্সেল করে দিন",no,,cancel using the English word ক্যান্সেল,50,
no,"আসলে এখন আর লাগবে না, ক্যান্সেল করে দিন",no,,cancel using the English word ক্যান্সেল,50,
no,"না আপু, আপাতত ক্যান্সেল করে দেন",no,,cancel using the English word ক্যান্সেল,50,
no,"জি, অর্ডারটা ক্যান্সেল করে দেন প্লিজ",no,,cancel using the English word ক্যান্সেল,50,
no,"হুম, ক্যান্সেল করে দেন, আমার এখন লাগবে না",no,,cancel using the English word ক্যান্সেল,50,
no,"না ভাই, আপাতত ক্যান্সেল করে রাখছি",no,,cancel using the English word ক্যান্সেল,50,
no,"মানে এখন নিব না, ক্যান্সেল করে দিন",no,,cancel using the English word ক্যান্সেল,50,
no,"না থাক ভাইয়া, অর্ডারটা ক্যান্সেল করে দিন",no,,cancel using the English word ক্যান্সেল,50,
no,"আসলে আমার আর দরকার নাই, ক্যান্সেল করে দেন",no,,cancel using the English word ক্যান্সেল,50,
no,"না আপু, এটা ক্যান্সেল করে দিন প্লিজ",no,,cancel using the English word ক্যান্সেল,50,
no,"না, আমার অর্ডারটা ক্যান্সেল করে দেন",no,,cancel using the English word ক্যান্সেল,50,
no,"না ভাই, এটা এখন আর নিব না।",no,,plain refusal,51,
no,"উম না, আসলে এখন অর্ডারটা লাগবে না।",no,,plain refusal,51,
no,"না থাক, ক্যান্সেল করে দিন।",no,,plain refusal,51,
no,আমার এখন আর এটার দরকার নাই।,no,,plain refusal,51,
no,"না ভাই, আপাতত বাদ দিন।",no,,plain refusal,51,
no,"না, আমার অর্ডারটা আর কনফার্ম করার দরকার নাই।",no,,plain refusal,51,
no,"না আপু, থাক এটা আর নিচ্ছি না।",no,,plain refusal,51,
no,"না, আমি এখন এই অর্ডারটা নিতে চাচ্ছি না।",no,,plain refusal,51,
no,"আসলে এখন লাগবে না, ক্যান্সেল করে দিন।",no,,plain refusal,51,
no,"না ভাই, অর্ডারটা ক্যান্সেল করে ফেলুন প্লিজ।",no,,plain refusal,51,
no,"না, আমি এখন নিব না। ধন্যবাদ।",no,,plain refusal,51,
no,"জি, থাক, আমার এখন আর লাগবে না",no,,"starts with হ্যাঁ/জি but then refuses (e.g. হ্যাঁ লাগবে না, জি না থাক)",52,
no,"হ্যাঁ, অর্ডারটা ক্যান্সেল করে দিন",no,,"starts with হ্যাঁ/জি but then refuses (e.g. হ্যাঁ লাগবে না, জি না থাক)",52,
no,"জি না ভাই, এখন আর অর্ডারটা কনফার্ম করবেন না",no,,"starts with হ্যাঁ/জি but then refuses (e.g. হ্যাঁ লাগবে না, জি না থাক)",52,
no,"হ্যাঁ আপু, অর্ডারটা বাদ দিয়ে দেন প্লিজ",no,,"starts with হ্যাঁ/জি but then refuses (e.g. হ্যাঁ লাগবে না, জি না থাক)",52,
no,"জি, আসলে এখন আর দরকার নেই, থাক",no,,"starts with হ্যাঁ/জি but then refuses (e.g. হ্যাঁ লাগবে না, জি না থাক)",52,
no,"হ্যাঁ, অর্ডারটা ক্যান্সেল করে দিয়েন ভাই",no,,"starts with হ্যাঁ/জি but then refuses (e.g. হ্যাঁ লাগবে না, জি না থাক)",52,
no,"জি না, আমার অর্ডারটা আপাতত থাক",no,,"starts with হ্যাঁ/জি but then refuses (e.g. হ্যাঁ লাগবে না, জি না থাক)",52,
no,"হ্যাঁ, উম, অর্ডারটা আর করবেন না",no,,"starts with হ্যাঁ/জি but then refuses (e.g. হ্যাঁ লাগবে না, জি না থাক)",52,
no,"জি ভাই, অর্ডারটা ক্যান্সেল করে দিন, লাগবে না",no,,"starts with হ্যাঁ/জি but then refuses (e.g. হ্যাঁ লাগবে না, জি না থাক)",52,
no,"হ্যাঁ, মানে এটা আর লাগবে না, থাক",no,,"starts with হ্যাঁ/জি but then refuses (e.g. হ্যাঁ লাগবে না, জি না থাক)",52,
no,"জি আপু, অর্ডারটা ক্যান্সেল করে দিন প্লিজ",no,,"starts with হ্যাঁ/জি but then refuses (e.g. হ্যাঁ লাগবে না, জি না থাক)",52,
no,"হ্যাঁ ভাই, এখন আর অর্ডারটা কনফার্ম করতে হবে না",no,,"starts with হ্যাঁ/জি but then refuses (e.g. হ্যাঁ লাগবে না, জি না থাক)",52,
no,"না ভাই, এখন তো টাকা নেই, পরে অর্ডার করব",no,,"polite refusal with a reason (e.g. এখন টাকা নেই, পরে নিব)",53,
no,"উম, আসলে এখন আর লাগবে না, পরে নিব",no,,"polite refusal with a reason (e.g. এখন টাকা নেই, পরে নিব)",53,
no,"আপু, আমার তো এখন বাজেট নেই, ক্যান্সেল করে দিন",no,,"polite refusal with a reason (e.g. এখন টাকা নেই, পরে নিব)",53,
no,"না ভাইয়া, টাকাটা হাতে নেই, পরে দেখব",no,,"polite refusal with a reason (e.g. এখন টাকা নেই, পরে নিব)",53,
no,"মানে এখন আর নিতে পারছি না, পরে অর্ডার করব",no,,"polite refusal with a reason (e.g. এখন টাকা নেই, পরে নিব)",53,
no,"হুম, এখন না, আমার বাজেট শেষ হয়ে গেছে",no,,"polite refusal with a reason (e.g. এখন টাকা নেই, পরে নিব)",53,
no,"না আপু, আপাতত লাগবে না, পরে যোগাযোগ করব",no,,"polite refusal with a reason (e.g. এখন টাকা নেই, পরে নিব)",53,
no,"ভাই, এখন তো পকেটে টাকা নেই, পরে নিব",no,,"polite refusal with a reason (e.g. এখন টাকা নেই, পরে নিব)",53,
no,"না থাক, এখন আর অর্ডার কনফার্ম করার দরকার নেই",no,,"polite refusal with a reason (e.g. এখন টাকা নেই, পরে নিব)",53,
no,"আসলে এখন আর প্রয়োজন নেই, টাকা নেই আমার",no,,"polite refusal with a reason (e.g. এখন টাকা নেই, পরে নিব)",53,
no,"উম, এখন অর্ডারটা ক্যান্সেল করুন, পরে দেখে নেব",no,,"polite refusal with a reason (e.g. এখন টাকা নেই, পরে নিব)",53,
no,"না ভাই, বাজেট নেই এখন, পরে নিব",no,,"polite refusal with a reason (e.g. এখন টাকা নেই, পরে নিব)",53,
no,"না ভাই, আপাতত আমার অর্ডারটা ক্যান্সেল করে দেন।",no,,cancel using the English word ক্যান্সেল,54,
no,"উম, আমি আসলে এখন এটা নিব না, ক্যান্সেল করে দিন।",no,,cancel using the English word ক্যান্সেল,54,
no,"না আপু, আমার অর্ডারটা ক্যান্সেল করে দেন প্লিজ।",no,,cancel using the English word ক্যান্সেল,54,
no,"আসলে এখন আর প্রয়োজন নেই, ক্যান্সেল করে দিন।",no,,cancel using the English word ক্যান্সেল,54,
no,"হুম, আমার অর্ডারটা ক্যান্সেল করে দেন ভাই।",no,,cancel using the English word ক্যান্সেল,54,
no,"না ভাই, এখন আর লাগবে না, ক্যান্সেল করে দেন।",no,,cancel using the English word ক্যান্সেল,54,
no,"মানে এখন আর নিব না, অর্ডারটা ক্যান্সেল করুন।",no,,cancel using the English word ক্যান্সেল,54,
no,"না না, আমার অর্ডারটা ক্যান্সেল করে দেন।",no,,cancel using the English word ক্যান্সেল,54,
no,"না ভাই, অর্ডারটা ক্যান্সেল করে দিলেই হবে।",no,,cancel using the English word ক্যান্সেল,54,
no,"জি না, আমার অর্ডারটা ক্যান্সেল করে দেন।",no,,cancel using the English word ক্যান্সেল,54,
no,"আমি এখন নিচ্ছি না, অর্ডারটা ক্যান্সেল করে দিন।",no,,cancel using the English word ক্যান্সেল,54,
no,"না, আমার অর্ডারটা ক্যান্সেল করে দিলে ভালো হয়।",no,,cancel using the English word ক্যান্সেল,54,
no,"উম, মানে অর্ডারটা ক্যান্সেল করে দেন।",no,,plain refusal,55,
no,"না আপু, আমার এখন দরকার নাই।",no,,plain refusal,55,
no,"না থাক, অর্ডারটা কনফার্ম করার দরকার নাই।",no,,plain refusal,55,
no,আসলে এখন অর্ডারটা ক্যান্সেল করতে চাচ্ছি।,no,,plain refusal,55,
no,"জি না, এই অর্ডারটা আমার লাগবে না।",no,,plain refusal,55,
no,"না ভাই, আমি নিব না এটা।",no,,plain refusal,55,
no,"হুম, এখন না থাক।",no,,plain refusal,55,
no,না এটা ক্যান্সেল করে দিন।,no,,plain refusal,55,
no,"না ভাই, অর্ডারটা বাদ দিয়ে দেন।",no,,plain refusal,55,
no,"না আপু, আপাতত লাগবে না।",no,,plain refusal,55,
no,"না ভাই, অর্ডারটা ক্যান্সেল করে দিন প্লিজ।",no,,plain refusal,55,
no,"জি না, আমার আর দরকার নেই, এটা ক্যান্সেল করে দিন",no,,"starts with হ্যাঁ/জি but then refuses (e.g. হ্যাঁ লাগবে না, জি না থাক)",56,
no,"হ্যাঁ, মানে আসলে এখন আর অর্ডারটা কনফার্ম করবেন না",no,,"starts with হ্যাঁ/জি but then refuses (e.g. হ্যাঁ লাগবে না, জি না থাক)",56,
no,"জি ভাই, থাক, আপাতত এটা নিচ্ছি না",no,,"starts with হ্যাঁ/জি but then refuses (e.g. হ্যাঁ লাগবে না, জি না থাক)",56,
no,"জি আপু, আসলে অর্ডারটা এখন ক্যান্সেল করে দিতে পারেন",no,,"starts with হ্যাঁ/জি but then refuses (e.g. হ্যাঁ লাগবে না, জি না থাক)",56,
no,"হুম, না থাক, এখন আর অর্ডারটা কনফার্ম করার দরকার নাই",no,,"starts with হ্যাঁ/জি but then refuses (e.g. হ্যাঁ লাগবে না, জি না থাক)",56,
no,"জি না, এটা এখন বাদ দেন, আমার লাগবে না",no,,"starts with হ্যাঁ/জি but then refuses (e.g. হ্যাঁ লাগবে না, জি না থাক)",56,
no,"হ্যাঁ, অর্ডারটা ক্যান্সেল করে দিন প্লিজ",no,,"starts with হ্যাঁ/জি but then refuses (e.g. হ্যাঁ লাগবে না, জি না থাক)",56,
no,"জি ভাইয়া, আপাতত অর্ডারটা থাক, আমি পরে নিব",no,,"starts with হ্যাঁ/জি but then refuses (e.g. হ্যাঁ লাগবে না, জি না থাক)",56,
no,"জি, অর্ডারটা আর কনফার্ম করতে হবে না, ক্যান্সেল করে দিন",no,,"starts with হ্যাঁ/জি but then refuses (e.g. হ্যাঁ লাগবে না, জি না থাক)",56,
no,"হ্যাঁ, মানে আসলে এখন আর এটা দরকার নাই, বাদ দিন",no,,"starts with হ্যাঁ/জি but then refuses (e.g. হ্যাঁ লাগবে না, জি না থাক)",56,
no,"জি না, আমার এই অর্ডারটা লাগবে না",no,,"starts with হ্যাঁ/জি but then refuses (e.g. হ্যাঁ লাগবে না, জি না থাক)",56,
no,"উম, না থাক, অর্ডারটা ক্যান্সেল করে দিন",no,,"starts with হ্যাঁ/জি but then refuses (e.g. হ্যাঁ লাগবে না, জি না থাক)",56,
repeat,"ভাই কি বললেন ঠিক বুঝলাম না, নেটওয়ার্কের খুব সমস্যা",repeat,,did not hear because of noise or a bad line,8,
repeat,"আপু আপনার কথা একদমই শোনা যাচ্ছে না, আরেকবার কি বলবেন?",repeat,,did not hear because of noise or a bad line,8,
repeat,"উম, মানে কিছুই শুনতে পাইনি, কাইন্ডলি আরেকবার বলবেন কি?",repeat,,did not hear because of noise or a bad line,8,
repeat,"একটু জোরে বলেন তো, একদমই শুনতে পাচ্ছি না",repeat,,did not hear because of noise or a bad line,8,
repeat,"লাইনটা খুব ডিস্টার্ব দিচ্ছে, প্লিজ আবার একটু বলবেন?",repeat,,did not hear because of noise or a bad line,8,
repeat,"কি বললেন ভাই? নেট খুব বাজে, কিছুই বুঝলাম না",repeat,,did not hear because of noise or a bad line,8,
repeat,"হুম, কিছু শোনা যাচ্ছে না, আবার বলেন তো",repeat,,did not hear because of noise or a bad line,8,
repeat,"আরে ভাই আওয়াজ পাচ্ছি না, কি যেন বললেন?",repeat,,did not hear because of noise or a bad line,8,
repeat,"একটু ক্লিয়ার করে বলেন তো, নয়েজের জন্য কিছুই বুঝতে পারছি না",repeat,,did not hear because of noise or a bad line,8,
repeat,"আসলে কথাগুলো কেটে কেটে আসছে, আবার একটু বলবেন প্লিজ?",repeat,,did not hear because of noise or a bad line,8,
repeat,"শুনতে পেলাম না আপু, কি বললেন আবার একটু বলেন তো",repeat,,did not hear because of noise or a bad line,8,
repeat,"নেটওয়ার্কের সমস্যার জন্য কথা ক্লিয়ার না, আবার বলবেন কি?",repeat,,did not hear because of noise or a bad line,8,
repeat,"জি, আরেকবার বলবেন?",repeat,,"did not understand, asks to say it again",9,
repeat,"ভাইয়া, ঠিক বুঝতে পারলাম না, আরেকবার বলেন তো।",repeat,,"did not understand, asks to say it again",9,
repeat,কী বললেন? আমি ঠিক শুনিনি।,repeat,,"did not understand, asks to say it again",9,
repeat,"আপু, কথাটা আবার একটু বলবেন কি?",repeat,,"did not understand, asks to say it again",9,
repeat,"সরি, আমি ঠিক শুনতে পাইনি, আবার একটু রিপিট করবেন?",repeat,,"did not understand, asks to say it again",9,
repeat,"উম, মানে ঠিক বুঝলাম না, আরেকবার কি বলা যাবে?",repeat,,"did not understand, asks to say it again",9,
repeat,"আসলে আমি কথাগুলো ঠিকঠাক শুনতে পাইনি, আরেকবার প্লিজ?",repeat,,"did not understand, asks to say it again",9,
repeat,"কী জানি বললেন, আবার একটু বলবেন?",repeat,,"did not understand, asks to say it again",9,
repeat,"হুম, ঠিক ক্লিয়ার না, আরেকবার বলেন তো দেখি।",repeat,,"did not understand, asks to say it again",9,
repeat,"আমি কিচ্ছু বুঝতে পারিনি, আবার একটু বলবেন ভাই?",repeat,,"did not understand, asks to say it again",9,
repeat,"শুনতে প্রবলেম হচ্ছে, কাইন্ডলি আরেকবার বলেন।",repeat,,"did not understand, asks to say it again",9,
repeat,"ঠিক শুনিনি, আবার একটু বলেন তো আপু।",repeat,,"did not understand, asks to say it again",9,
repeat,"জি, আরেকবার বলবেন কি?",repeat,,asks what the agent said (e.g. কী বললেন?),10,
repeat,"বুঝলাম না ভাই, আবার একটু বলেন তো?",repeat,,asks what the agent said (e.g. কী বললেন?),10,
repeat,কী বললেন আপু? ঠিক শুনতে পাইনি।,repeat,,asks what the agent said (e.g. কী বললেন?),10,
repeat,"উম, মানে আবার বলবেন? ক্লিয়ার না।",repeat,,asks what the agent said (e.g. কী বললেন?),10,
repeat,"একটু আস্তে বলছেন তো, আরেকবার বলবেন কি?",repeat,,asks what the agent said (e.g. কী বললেন?),10,
repeat,কী যেন বললেন? আরেকবার বলেন তো প্লিজ।,repeat,,asks what the agent said (e.g. কী বললেন?),10,
repeat,"শুনতে পাইনি, কি বললেন একটু বলবেন?",repeat,,asks what the agent said (e.g. কী বললেন?),10,
repeat,আরেকবার রিপিট করবেন কি ভাইয়া?,repeat,,asks what the agent said (e.g. কী বললেন?),10,
repeat,"আসলে খেয়াল করিনি, আরেকবার বলেন তো।",repeat,,asks what the agent said (e.g. কী বললেন?),10,
repeat,কী বললেন ভাই? আরেকবার একটু বলবেন?,repeat,,asks what the agent said (e.g. কী বললেন?),10,
repeat,"কথাটা ক্লিয়ার না, আবার বলবেন কি?",repeat,,asks what the agent said (e.g. কী বললেন?),10,
repeat,"হুম, ঠিক বুঝিনি, আরেকবার বলবেন কি?",repeat,,asks what the agent said (e.g. কী বললেন?),10,
repeat,"ভাই শুনতে পাইনি, আবার একটু বলবেন?",repeat,,did not hear because of noise or a bad line,11,
repeat,"নয়েজ হচ্ছে তো, কিছু বুঝতে পারলাম না",repeat,,did not hear because of noise or a bad line,11,
repeat,আপু আপনার কথা একদমই বোঝা যাচ্ছে না,repeat,,did not hear because of noise or a bad line,11,
repeat,মানে কি বললেন? লাইনটা খুব খারাপ,repeat,,did not hear because of noise or a bad line,11,
repeat,"হুম বুঝলাম না, আবার বলবেন প্লিজ?",repeat,,did not hear because of noise or a bad line,11,
repeat,"আসলে আওয়াজের জন্য শুনতে পাইনি, আবার একটু বলুন তো",repeat,,did not hear because of noise or a bad line,11,
repeat,"হ্যালো? কথা ক্লিয়ার না, কি বললেন ভাই?",repeat,,did not hear because of noise or a bad line,11,
repeat,কি বললেন আপু? কিছুই তো বুঝতে পারছি না,repeat,,did not hear because of noise or a bad line,11,
repeat,একটু জোরে বলবেন? খুব সমস্যা হচ্ছে শুনতে,repeat,,did not hear because of noise or a bad line,11,
repeat,"লাইনটা খুব ডিস্টার্ব দিচ্ছে, আবার বলুন তো",repeat,,did not hear because of noise or a bad line,11,
repeat,"উম, সরি শুনতে পাইনি, কি বললেন?",repeat,,did not hear because of noise or a bad line,11,
repeat,আরেকবার বলবেন কি? নেটওয়ার্কের সমস্যা মনে হয়,repeat,,did not hear because of noise or a bad line,11,
repeat,"বুঝতে পারলাম না, কি বললেন ভাই?",repeat,,"did not understand, asks to say it again",57,
repeat,"সরি আপু, আরেকবার একটু বলবেন কি?",repeat,,"did not understand, asks to say it again",57,
repeat,"লাইনটা মনে হয় কেটে গিয়েছিল, আবার একটু বলবেন?",repeat,,"did not understand, asks to say it again",57,
repeat,কি বললেন আপু? ঠিকমত শুনতে পাইনি।,repeat,,"did not understand, asks to say it again",57,
repeat,"উম, মানে আমি ঠিক বুঝলাম না, আরেকবার বলবেন?",repeat,,"did not understand, asks to say it again",57,
repeat,"আপনার কথা ক্লিয়ার না, আবার বলবেন প্লিজ?",repeat,,"did not understand, asks to say it again",57,
repeat,"আসলে আমি কিছুই বুঝলাম না, আরেকবার একটু বলেন তো।",repeat,,"did not understand, asks to say it again",57,
repeat,কি বললেন ভাইয়া? আবার একটু বলেন তো।,repeat,,"did not understand, asks to say it again",57,
repeat,"হুম, ঠিক ক্লিয়ার না, আরেকবার একটু রিপিট করেন তো।",repeat,,"did not understand, asks to say it again",57,
repeat,"আমি ঠিক বুঝতে পারিনি, কি বললেন?",repeat,,"did not understand, asks to say it again",57,
repeat,"ভাইয়া, নেটওয়ার্কের সমস্যার জন্য শুনতে পাইনি, আবার বলবেন?",repeat,,"did not understand, asks to say it again",57,
repeat,"কিছুই বুঝলাম না, আরেকবার একটু ক্লিয়ার করে বলেন।",repeat,,"did not understand, asks to say it again",57,
repeat,"কী বললেন ভাই, আবার একটু বলবেন?",repeat,,asks what the agent said (e.g. কী বললেন?),58,
repeat,"বুঝতে পারলাম না, আরেকবার কি বলা যাবে?",repeat,,asks what the agent said (e.g. কী বললেন?),58,
repeat,"সরি আপু, ঠিক শুনতে পাইনি, আবার বলেন তো?",repeat,,asks what the agent said (e.g. কী বললেন?),58,
repeat,"উম, কী বললেন ঠিক বুঝলাম না, প্লিজ আবার একটু বলবেন?",repeat,,asks what the agent said (e.g. কী বললেন?),58,
repeat,আরেকবার বলবেন কি? নেটওয়ার্কের কারণে শুনতে পাইনি।,repeat,,asks what the agent said (e.g. কী বললেন?),58,
repeat,মানে কী বললেন? আরেকবার রিপিট করবেন?,repeat,,asks what the agent said (e.g. কী বললেন?),58,
repeat,"শুনতে পাইনি ভাইয়া, কাইন্ডলি আরেকবার বলবেন কি?",repeat,,asks what the agent said (e.g. কী বললেন?),58,
repeat,আরেকবার বলবেন? আমি ঠিক ধরতে পারিনি।,repeat,,asks what the agent said (e.g. কী বললেন?),58,
repeat,"হুম, কী যেন বললেন? আরেকবার বলুন তো।",repeat,,asks what the agent said (e.g. কী বললেন?),58,
repeat,"আসলে শুনতে পেলাম না, আবার একটু বলবেন প্লিজ?",repeat,,asks what the agent said (e.g. কী বললেন?),58,
repeat,"ঠিক বুঝলাম না, ব্যাপারটা আরেকবার বলবেন?",repeat,,asks what the agent said (e.g. কী বললেন?),58,
repeat,"ভাইয়া, আরেকবার বলবেন? নেট খুব ডিস্টার্ব করছে।",repeat,,asks what the agent said (e.g. কী বললেন?),58,
repeat,ভাই কি বললেন? কিছুই তো শুনলাম না।,repeat,,did not hear because of noise or a bad line,59,
repeat,আপু আপনার কথা একদম শোনা যাচ্ছে না।,repeat,,did not hear because of noise or a bad line,59,
repeat,"সাউন্ড আসছে না ভাইয়া, আবার বলবেন কি?",repeat,,did not hear because of noise or a bad line,59,
repeat,মানে কি বললেন? আওয়াজ খুব ডিস্টার্ব করছে।,repeat,,did not hear because of noise or a bad line,59,
repeat,"কিছুই বুঝতে পারছি না, একটু আবার বলবেন?",repeat,,did not hear because of noise or a bad line,59,
repeat,"উম, কি বললেন আপু? কথাগুলো কেটে কেটে আসছে।",repeat,,did not hear because of noise or a bad line,59,
repeat,একটু জোরে বলবেন কি? নেটওয়ার্কের সমস্যা মনে হয়।,repeat,,did not hear because of noise or a bad line,59,
repeat,"আসলে বাইরের নয়েজ বেশি, আবার একটু বলবেন?",repeat,,did not hear because of noise or a bad line,59,
repeat,"হুম, কি বললেন যেন? লাইনটা বোধহয় ডিস্টার্ব দিচ্ছে।",repeat,,did not hear because of noise or a bad line,59,
repeat,"কথা পরিষ্কার শোনা যাচ্ছে না, কষ্ট করে আবার বলবেন?",repeat,,did not hear because of noise or a bad line,59,
repeat,"আপনার কথা শোনা যাচ্ছে না ভাই, আবার বলেন তো।",repeat,,did not hear because of noise or a bad line,59,
repeat,"কি বললেন আপু? কিছুই তো বুঝলাম না, আবার একটু বলেন।",repeat,,did not hear because of noise or a bad line,59,
repeat,"ভাইয়া, আমি ঠিক বুঝতে পারিনি, আবার বলবেন?",repeat,,"did not understand, asks to say it again",60,
repeat,"সরি আপু, আরেকবার একটু কষ্ট করে বলবেন কি?",repeat,,"did not understand, asks to say it again",60,
repeat,কি বললেন ভাইয়া? আমি ঠিক শুনতে পেলাম না।,repeat,,"did not understand, asks to say it again",60,
repeat,"হুম, কথাটা আরেকবার বললে ভালো হতো।",repeat,,"did not understand, asks to say it again",60,
repeat,"মানে, আমি আসলে কিছু শুনিনি, আবার বলবেন প্লিজ?",repeat,,"did not understand, asks to say it again",60,
repeat,একটু কি আবার রিপিট করবেন? আমি বুঝতে পারিনি।,repeat,,"did not understand, asks to say it again",60,
repeat,কি বললেন ভাই? নেটওয়ার্কের কারণে ঠিক শুনলাম না।,repeat,,"did not understand, asks to say it again",60,
repeat,"উম, মানে আবার বলবেন কি অর্ডারটার কথা?",repeat,,"did not understand, asks to say it again",60,
repeat,কিছু বললেন কি? আমি ঠিক ধরতে পারিনি।,repeat,,"did not understand, asks to say it again",60,
repeat,"সরি, আরেকটু ক্লিয়ার করে বলবেন? শুনতে পাইনি।",repeat,,"did not understand, asks to say it again",60,
repeat,"ঠিক বুঝতে পারলাম না আপু, কি বললেন?",repeat,,"did not understand, asks to say it again",60,
repeat,আরেকবার বলবেন কি? আমার এখানে একটু সমস্যা হচ্ছে।,repeat,,"did not understand, asks to say it again",60,
repeat,"সরি আপু, আমি ঠিক বুঝতে পারিনি, আরেকবার বলেন তো?",repeat,,asks what the agent said (e.g. কী বললেন?),61,
repeat,"উম, মানে কী বললেন ঠিক বুঝলাম না, আরেকবার বলা যাবে?",repeat,,asks what the agent said (e.g. কী বললেন?),61,
repeat,"আসলে আপনার কথাগুলো ক্লিয়ার ছিল না, আবার একটু বলবেন?",repeat,,asks what the agent said (e.g. কী বললেন?),61,
repeat,"জি, আবার একটু বলেন তো, বুঝতে পারলাম না",repeat,,asks what the agent said (e.g. কী বললেন?),61,
repeat,"কী জানি বললেন, ঠিক ক্লিয়ার না, আবার বলবেন প্লিজ?",repeat,,asks what the agent said (e.g. কী বললেন?),61,
repeat,"শুনতে পাইনি ভাই, আবার একটু রিপিট করবেন?",repeat,,asks what the agent said (e.g. কী বললেন?),61,
repeat,কী বললেন? আরেকবার বললে ভালো হতো,repeat,,asks what the agent said (e.g. কী বললেন?),61,
repeat,"নেটওয়ার্কের জন্য বুঝতে পারিনি, আবার বলেন তো?",repeat,,asks what the agent said (e.g. কী বললেন?),61,
repeat,"সরি, আরেকবার বলবেন কি?",repeat,,asks what the agent said (e.g. কী বললেন?),61,
repeat,কী বললেন ভাই? আরেকটু ক্লিয়ার করে বলবেন কি?,repeat,,asks what the agent said (e.g. কী বললেন?),61,
repeat,"বুঝতে পারছি না, আবার একটু বলেন তো দেখি",repeat,,asks what the agent said (e.g. কী বললেন?),61,
repeat,"ভাই শুনতে পেলাম না, আরেকবার কি বলবেন?",repeat,,did not hear because of noise or a bad line,62,
repeat,"নয়েজ হচ্ছে তো, কিছু বুঝতে পারিনি, আবার বলুন",repeat,,did not hear because of noise or a bad line,62,
repeat,"আপু আপনার কথা একদমই ক্লিয়ার না, আরেকবার বলেন তো",repeat,,did not hear because of noise or a bad line,62,
repeat,"শুনতে পাইনি, কি যেন বললেন?",repeat,,did not hear because of noise or a bad line,62,
repeat,"লাইনটা মনে হয় কেটে গেছিল, আবার বলবেন প্লিজ?",repeat,,did not hear because of noise or a bad line,62,
repeat,"উম, মানে নেটওয়ার্কের সমস্যার জন্য ঠিক বুঝলাম না, আবার একটু বলবেন?",repeat,,did not hear because of noise or a bad line,62,
repeat,"আপনার কথা কিচ্ছু শোনা যাচ্ছে না, আবার বলেন তো",repeat,,did not hear because of noise or a bad line,62,
repeat,আরেকবার কি বলবেন? নয়েজের জন্য একদমই ক্লিয়ার না,repeat,,did not hear because of noise or a bad line,62,
repeat,"ভাইয়া সরি, ঠিকমতো শোনা যায়নি, আরেকবার বলবেন?",repeat,,did not hear because of noise or a bad line,62,
repeat,"হুম, কিছু বললেন কি? আমি ঠিক বুঝিনি",repeat,,did not hear because of noise or a bad line,62,
repeat,"সাউন্ড খুব কম ছিল, একটু জোরে আবার বলবেন?",repeat,,did not hear because of noise or a bad line,62,
repeat,কি বললেন আপু? নয়েজের কারণে কিছুই বুঝলাম না,repeat,,did not hear because of noise or a bad line,62,
repeat,"ভাইয়া, আরেকবার বলবেন কি?",repeat,,"did not understand, asks to say it again",63,
repeat,"সরি আপু, ঠিক বুঝতে পারিনি, আবার বলবেন?",repeat,,"did not understand, asks to say it again",63,
repeat,"উম, মানে আমি ঠিক শুনিনি, আবার একটু বলবেন প্লিজ?",repeat,,"did not understand, asks to say it again",63,
repeat,"কি বললেন ভাই, ঠিক বুঝলাম না তো?",repeat,,"did not understand, asks to say it again",63,
repeat,আরেকবার একটু বলবেন? মানে আমি ভালোমতো শুনিনি।,repeat,,"did not understand, asks to say it again",63,
repeat,"বুঝতে পারছি না, আরেকবার বলা যাবে?",repeat,,"did not understand, asks to say it again",63,
repeat,কি বললেন? একটু ক্লিয়ারলি বলবেন?,repeat,,"did not understand, asks to say it again",63,
repeat,"আসলে আমি ঠিক শুনতে পাইনি, আবার একটু বলেন তো?",repeat,,"did not understand, asks to say it again",63,
repeat,"হুম, কথাটা আরেকবার বলবেন?",repeat,,"did not understand, asks to say it again",63,
repeat,"সরি ভাই, আমি আবার একটু শুনতে চাচ্ছি।",repeat,,"did not understand, asks to say it again",63,
repeat,"বুঝলাম না, আবার বলবেন প্লিজ?",repeat,,"did not understand, asks to say it again",63,
repeat,"আরেকবার রিপিট করেন তো, ঠিক বুঝতে পারিনি।",repeat,,"did not understand, asks to say it again",63,
repeat,"কী বললেন ভাই, ঠিকমতো বুঝতে পারিনি।",repeat,,asks what the agent said (e.g. কী বললেন?),64,
repeat,"সরি আপু, আমি কিছু শুনতে পাইনি, আবার বলবেন?",repeat,,asks what the agent said (e.g. কী বললেন?),64,
repeat,কী বললেন? কথাটা আবার একটু বলবেন কি?,repeat,,asks what the agent said (e.g. কী বললেন?),64,
repeat,"উম, মানে আমি ঠিক বুঝলাম না, আরেকবার কি বলা যাবে?",repeat,,asks what the agent said (e.g. কী বললেন?),64,
repeat,"জি, আরেকবার বলবেন কি বলেছেন?",repeat,,asks what the agent said (e.g. কী বললেন?),64,
repeat,"ভাইয়া, আপনার কথা শুনতে পাইনি, কাইন্ডলি আবার বলবেন?",repeat,,asks what the agent said (e.g. কী বললেন?),64,
repeat,"আসলে আমি ঠিক বুঝতে পারলাম না, আবার বলবেন?",repeat,,asks what the agent said (e.g. কী বললেন?),64,
repeat,কী বললেন? আরেকবার রিপিট করবেন প্লিজ?,repeat,,asks what the agent said (e.g. কী বললেন?),64,
repeat,"শুনতে পাইনি আপু, আবার একটু বলবেন?",repeat,,asks what the agent said (e.g. কী বললেন?),64,
repeat,কী বললেন ভাই? আরেকবার একটু বলবেন কি?,repeat,,asks what the agent said (e.g. কী বললেন?),64,
repeat,"সরি, কথাটা ক্লিয়ার না, আরেকবার বলবেন?",repeat,,asks what the agent said (e.g. কী বললেন?),64,
repeat,"জি, কি যেন বললেন? আমি ঠিক বুঝিনি।",repeat,,asks what the agent said (e.g. কী বললেন?),64,
repeat,"ভাই শুনতে পেলাম না, কি বললেন যেন?",repeat,,did not hear because of noise or a bad line,65,
repeat,"নয়েজ হচ্ছে তো, আবার একটু বলবেন কি?",repeat,,did not hear because of noise or a bad line,65,
repeat,"কথা ঠিকমতো শোনা যাচ্ছে না ভাই, আরেকবার বলবেন?",repeat,,did not hear because of noise or a bad line,65,
repeat,"আচ্ছা আপু, ঠিক বুঝতে পারলাম না, আরেকবার কি বলা যায়?",repeat,,did not hear because of noise or a bad line,65,
repeat,"লাইনটা মনে হয় একটু সমস্যা করছে, কি বললেন আবার বলেন তো?",repeat,,did not hear because of noise or a bad line,65,
repeat,"উম, ঠিক শোনা যায়নি, কি বললেন?",repeat,,did not hear because of noise or a bad line,65,
repeat,একটু জোরে বলবেন? কি বললেন বুঝতে পারছি না,repeat,,did not hear because of noise or a bad line,65,
repeat,"সাউন্ড আসছে না ভাই, কথাগুলো আবার একটু রিপিট করবেন?",repeat,,did not hear because of noise or a bad line,65,
repeat,"অনেক নয়েজ তো, আবার একটু ক্লিয়ার করে বলবেন?",repeat,,did not hear because of noise or a bad line,65,
repeat,"জি, বুঝতে পারলাম না, কি বললেন যেন?",repeat,,did not hear because of noise or a bad line,65,
repeat,"আসলে কথাগুলো কেটে কেটে আসছে, আবার একটু বলবেন?",repeat,,did not hear because of noise or a bad line,65,
repeat,"দুঃখিত, ঠিক শুনতে পাইনি, আরেকবার প্লিজ?",repeat,,did not hear because of noise or a bad line,65,
repeat,"ভাইয়া, ঠিকমতো শুনতে পাইনি, আরেকবার বলবেন?",repeat,,"did not understand, asks to say it again",66,
repeat,মানে কি যেন বললেন? আরেকবার একটু রিপিট করেন তো।,repeat,,"did not understand, asks to say it again",66,
repeat,"আপু বুঝতে পারিনি, আরেকটু ক্লিয়ার করে বলবেন?",repeat,,"did not understand, asks to say it again",66,
repeat,"উম, ঠিক বুঝলাম না, কথাটা কি আবার একটু বলবেন?",repeat,,"did not understand, asks to say it again",66,
repeat,"আসলে খেয়াল করিনি, অর্ডারটা কি যেন বললেন?",repeat,,"did not understand, asks to say it again",66,
repeat,কি বললেন ভাই? নেটওয়ার্কের জন্য শুনতে পেলাম না।,repeat,,"did not understand, asks to say it again",66,
repeat,আরেকবার বলবেন? কথাটা ঠিক ক্লিয়ার না।,repeat,,"did not understand, asks to say it again",66,
repeat,"হুম, কিছু বললেন? আমি ঠিক বুঝিনি আবার বলবেন?",repeat,,"did not understand, asks to say it again",66,
repeat,"সরি, আরেকবার বলবেন কি বলেছেন?",repeat,,"did not understand, asks to say it again",66,
repeat,একটু আস্তে বলবেন? আমি ঠিক ধরতে পারিনি।,repeat,,"did not understand, asks to say it again",66,
repeat,"আরেকবার একটু বলবেন আপু, ক্লিয়ার শোনা যাচ্ছে না।",repeat,,"did not understand, asks to say it again",66,
repeat,কি যেন বললেন? আবার বললে ভালো হতো।,repeat,,"did not understand, asks to say it again",66,
repeat,"কী বললেন ভাই, আরেকবার বলবেন?",repeat,,asks what the agent said (e.g. কী বললেন?),67,
repeat,"বুঝতে পারিনি, কি যেন বললেন?",repeat,,asks what the agent said (e.g. কী বললেন?),67,
repeat,"সরি আপু, ঠিক শোনা যায়নি, আবার বলবেন কি?",repeat,,asks what the agent said (e.g. কী বললেন?),67,
repeat,"আরেকবার বলবেন প্লিজ, আমি শুনিনি",repeat,,asks what the agent said (e.g. কী বললেন?),67,
repeat,"কী বললেন, আবার বলেন তো?",repeat,,asks what the agent said (e.g. কী বললেন?),67,
repeat,"উম, মানে ঠিক বোঝা গেল না, আরেকবার কি বলা যাবে?",repeat,,asks what the agent said (e.g. কী বললেন?),67,
repeat,"শুনতে পাইনি ভাই, আবার একটু বলেন তো",repeat,,asks what the agent said (e.g. কী বললেন?),67,
repeat,"একটু ক্লিয়ারলি বলবেন, বুঝতে পারিনি",repeat,,asks what the agent said (e.g. কী বললেন?),67,
repeat,"আরেকবার রিপিট করবেন কি, আমি মিস করে গেছি",repeat,,asks what the agent said (e.g. কী বললেন?),67,
repeat,"কী যেন বললেন, একটু আবার বলেন তো দেখি",repeat,,asks what the agent said (e.g. কী বললেন?),67,
repeat,"আসলে কথাগুলো ঠিকমতো শুনিনি, আবার বলবেন?",repeat,,asks what the agent said (e.g. কী বললেন?),67,
repeat,"বুঝতে পারছি না, কি বললেন যেন?",repeat,,asks what the agent said (e.g. কী বললেন?),67,
repeat,"ভাই আপনার কথা ঠিকমতো শোনা যাচ্ছে না, একটু আবার বলবেন কি?",repeat,,did not hear because of noise or a bad line,68,
repeat,"নয়েজ আসছে, বুঝতে পারছি না, কাইন্ডলি আরেকবার রিপিট করবেন?",repeat,,did not hear because of noise or a bad line,68,
repeat,"লাইনটা খুব ডিস্টার্ব করছে, কি বললেন আবার একটু বলবেন?",repeat,,did not hear because of noise or a bad line,68,
repeat,"শুনতে পেলাম না ভাই, আরেকবার বলেন তো?",repeat,,did not hear because of noise or a bad line,68,
repeat,"মানে কি বললেন ঠিক বুঝলাম না, আরেকবার কষ্ট করে বলবেন?",repeat,,did not hear because of noise or a bad line,68,
repeat,"আপু আপনার কথাগুলো কেটে কেটে আসছে, একটু ক্লিয়ার করে বলবেন?",repeat,,did not hear because of noise or a bad line,68,
repeat,"হুম শুনতে পাইনি, প্লিজ আবার বলেন তো অর্ডারটার ব্যাপারে?",repeat,,did not hear because of noise or a bad line,68,
repeat,"নয়েজের জন্য বুঝতে পারলাম না, আরেকবার একটু বলবেন কি?",repeat,,did not hear because of noise or a bad line,68,
repeat,একটু জোরে বলবেন? মানে কথাগুলো খুব অস্পষ্ট লাগছে তো।,repeat,,did not hear because of noise or a bad line,68,
repeat,"আসলে নেটওয়ার্কের প্রবলেম, কি বললেন আরেকবার বলবেন?",repeat,,did not hear because of noise or a bad line,68,
repeat,"বুঝতে পারলাম না, আরেকবার একটু কাইন্ডলি বলবেন ভাই?",repeat,,did not hear because of noise or a bad line,68,
repeat,আরেকবার বলবেন কি? ঠিকঠাক শুনতে পাচ্ছি না আসলে।,repeat,,did not hear because of noise or a bad line,68,
repeat,"ভাই সরি, আমি ঠিক বুঝতে পারিনি, আরেকবার বলবেন কি?",repeat,,"did not understand, asks to say it again",69,
repeat,"উম, মানে কি বললেন যেন? আরেকবার একটু রিপিট করেন তো।",repeat,,"did not understand, asks to say it again",69,
repeat,"আমি কথাগুলো ঠিক শুনতে পাইনি, আপু আবার একটু বলবেন?",repeat,,"did not understand, asks to say it again",69,
repeat,"আসলে খেয়াল করিনি, কী যেন বললেন আবার একটু বলবেন?",repeat,,"did not understand, asks to say it again",69,
repeat,"সরি ভাই, নেটওয়ার্কের কারণে ঠিকমতো শুনতে পাইনি, আরেকবার বলুন।",repeat,,"did not understand, asks to say it again",69,
repeat,"বুঝলাম না, কী বললেন? একটু ক্লিয়ার করে বলবেন কি?",repeat,,"did not understand, asks to say it again",69,
repeat,"হুম, কী বললেন আপু? আরেকবার একটু বলেন তো।",repeat,,"did not understand, asks to say it again",69,
repeat,"আরে ভাই শুনতে পেলাম না, আরেকবার কি বলা যাবে?",repeat,,"did not understand, asks to say it again",69,
repeat,"সরি, ঠিক বুঝতে পারিনি, আবার বললে ভালো হতো।",repeat,,"did not understand, asks to say it again",69,
repeat,"উম, মানে ঠিক ক্লিয়ার না, আরেকবার একটু বলবেন?",repeat,,"did not understand, asks to say it again",69,
repeat,"একটু আস্তে বললেন, আবার একটু বলবেন কি?",repeat,,"did not understand, asks to say it again",69,
repeat,"আমি কিচ্ছু শুনতে পাইনি, দয়া করে আরেকবার বলবেন?",repeat,,"did not understand, asks to say it again",69,
repeat,"জি, কি যেন বললেন ভাই? ঠিক বুঝলাম না।",repeat,,asks what the agent said (e.g. কী বললেন?),70,
repeat,"সরি আপু, আমি ঠিক শুনতে পেলাম না, আরেকবার বলবেন?",repeat,,asks what the agent said (e.g. কী বললেন?),70,
repeat,কি বললেন? নেটওয়ার্কের কারণে কিছুই বুঝলাম না।,repeat,,asks what the agent said (e.g. কী বললেন?),70,
repeat,"হুম, মানে কি বললেন যেন? আরেকবার বললে ভালো হতো।",repeat,,asks what the agent said (e.g. কী বললেন?),70,
repeat,আরেকবার বলবেন কি? আমার এখানে একটু নয়েজ ছিল।,repeat,,asks what the agent said (e.g. কী বললেন?),70,
repeat,"বুঝতে পারলাম না ভাই, আরেকবার একটু কাইন্ডলি বলবেন?",repeat,,asks what the agent said (e.g. কী বললেন?),70,
repeat,কি বললেন আপু? আরেকবার একটু রিপিট করুন তো।,repeat,,asks what the agent said (e.g. কী বললেন?),70,
repeat,"একটু জোরে বলুন তো, কি যেন বললেন?",repeat,,asks what the agent said (e.g. কী বললেন?),70,
repeat,"সরি ভাই, আমি শুনতে পাইনি, কি বললেন একটু বলবেন?",repeat,,asks what the agent said (e.g. কী বললেন?),70,
repeat,"আসলে কি বললেন ঠিক ক্লিয়ার না, আরেকবার একটু বলবেন?",repeat,,asks what the agent said (e.g. কী বললেন?),70,
repeat,"বুঝলাম না ভাই, আবার একটু বলবেন কি?",repeat,,asks what the agent said (e.g. কী বললেন?),70,
repeat,কি যেন বললেন ভাইয়া? আবার একটু বলেন তো।,repeat,,asks what the agent said (e.g. কী বললেন?),70,
repeat,"ভাই শুনতে পেলাম না, আবার বলবেন প্লিজ?",repeat,,did not hear because of noise or a bad line,71,
repeat,"নয়েজ হচ্ছে তো, কিছু বুঝতে পারিনি, আরেকবার বলেন তো।",repeat,,did not hear because of noise or a bad line,71,
repeat,"আসলে লাইনটা খুব ডিস্টার্ব দিচ্ছে, আরেকবার রিপিট করবেন কি?",repeat,,did not hear because of noise or a bad line,71,
repeat,কি বললেন আপু? ঠিকমতো শোনা গেল না।,repeat,,did not hear because of noise or a bad line,71,
repeat,"হুম, আবার বলবেন কি? শব্দ হচ্ছে খুব।",repeat,,did not hear because of noise or a bad line,71,
repeat,"বুঝতে পারছি না ভাই, কথাগুলো ক্লিয়ার না।",repeat,,did not hear because of noise or a bad line,71,
repeat,"উম, মানে নেটওয়ার্কের কারণে কিছুই শুনতে পাইনি, কাইন্ডলি আরেকবার বলবেন?",repeat,,did not hear because of noise or a bad line,71,
repeat,"আরেকবার বলুন তো, লাইনটা অনেক কেটে যাচ্ছে।",repeat,,did not hear because of noise or a bad line,71,
repeat,"সরি ভাই, আওয়াজের জন্য শুনতে পাইনি, আবার বলেন।",repeat,,did not hear because of noise or a bad line,71,
repeat,কি বললেন ভাইয়া? একটু জোরে বলবেন প্লিজ?,repeat,,did not hear because of noise or a bad line,71,
repeat,"ঠিকমতো কানে আসছে না, আরেকবার কষ্ট করে বলবেন?",repeat,,did not hear because of noise or a bad line,71,
repeat,"কথাগুলো ক্লিয়ার না, আরেকবার একটু ক্লিয়ার করে বলবেন?",repeat,,did not hear because of noise or a bad line,71,
repeat,"ভাইয়া, আমি ঠিক বুঝতে পারিনি, আরেকবার একটু বলবেন?",repeat,,"did not understand, asks to say it again",72,
repeat,কী বললেন আপু? ঠিকমতো শুনতে পেলাম না।,repeat,,"did not understand, asks to say it again",72,
repeat,"সরি, কথাটা আবার একটু বলবেন প্লিজ?",repeat,,"did not understand, asks to say it again",72,
repeat,"উম, মানে আমি ঠিক খেয়াল করিনি, আরেকবার বলবেন কি?",repeat,,"did not understand, asks to say it again",72,
repeat,"কথাটা ক্লিয়ার শোনা গেল না, আরেকবার বলুন তো।",repeat,,"did not understand, asks to say it again",72,
repeat,"বুঝতে পারছি না, কী যেন বললেন?",repeat,,"did not understand, asks to say it again",72,
repeat,"আসলে নেটওয়ার্কের প্রবলেম ছিল, কথাটা কি আরেকবার রিপিট করবেন?",repeat,,"did not understand, asks to say it again",72,
repeat,"হুম, কী বললেন আরেকবার একটু কষ্ট করে বলবেন?",repeat,,"did not understand, asks to say it again",72,
repeat,"ঠিক বুঝতে পারলাম না, আরেকবার বলবেন ভাই?",repeat,,"did not understand, asks to say it again",72,
repeat,কথাটা আরেকবার একটু ক্লিয়ার করে বললে ভালো হয়।,repeat,,"did not understand, asks to say it again",72,
repeat,"সরি ভাই, আমি শুনতে পাইনি, আবার বলুন তো।",repeat,,"did not understand, asks to say it again",72,
repeat,কী বললেন? আরেকবার একটু বলবেন কি?,repeat,,"did not understand, asks to say it again",72,
repeat,"বুঝলাম না আপু, কি বললেন আবার বলেন তো?",repeat,,asks what the agent said (e.g. কী বললেন?),73,
repeat,"সরি ভাই, শুনতে পাইনি, একটু আবার বলবেন?",repeat,,asks what the agent said (e.g. কী বললেন?),73,
repeat,মানে কি বললেন? কথাটা আবার একটু বলেন তো?,repeat,,asks what the agent said (e.g. কী বললেন?),73,
repeat,"আসলে খেয়াল করিনি, কি বললেন আবার একটু বলবেন?",repeat,,asks what the agent said (e.g. কী বললেন?),73,
repeat,"হুম, কি বললেন যেন? আরেকবার একটু বলবেন?",repeat,,asks what the agent said (e.g. কী বললেন?),73,
repeat,একটু আস্তে বলবেন? কি বললেন বুঝতে পারিনি।,repeat,,asks what the agent said (e.g. কী বললেন?),73,
repeat,"উম, কথাটা আবার একটু বলবেন কি?",repeat,,asks what the agent said (e.g. কী বললেন?),73,
repeat,কি বললেন আপু? আরেকবার বলা যাবে?,repeat,,asks what the agent said (e.g. কী বললেন?),73,
repeat,"সরি, ঠিকমতো শুনতে পাইনি, আবার একটু বলেন?",repeat,,asks what the agent said (e.g. কী বললেন?),73,
repeat,"কিছু বললেন? আমি ঠিক বুঝিনি, আবার একটু বলবেন কি?",repeat,,asks what the agent said (e.g. কী বললেন?),73,
repeat,"নয়েজ হচ্ছে তো, কিছু বুঝতে পারছি না",repeat,,did not hear because of noise or a bad line,74,
repeat,কি বললেন আপু? আরেকবার একটু বলবেন কি?,repeat,,did not hear because of noise or a bad line,74,
repeat,"লাইনটা খুব ডিস্টার্ব দিচ্ছে, আবার বলেন তো",repeat,,did not hear because of noise or a bad line,74,
repeat,"আসলে শুনতে পাইনি, একটু ক্লিয়ারলি বলবেন?",repeat,,did not hear because of noise or a bad line,74,
repeat,"উম, ঠিক বুঝলাম না, আবার একটু রিপিট করবেন?",repeat,,did not hear because of noise or a bad line,74,
repeat,"কথা বোঝা যাচ্ছে না ভাই, আরেকবার একটু বলেন",repeat,,did not hear because of noise or a bad line,74,
repeat,"জি, আরেকবার বলবেন কি? নেটওয়ার্কের সমস্যা মনে হয়",repeat,,did not hear because of noise or a bad line,74,
repeat,"শুনতে পেলাম না, কি যেন বললেন?",repeat,,did not hear because of noise or a bad line,74,
repeat,"মানে কি বললেন ঠিক বুঝলাম না, আবার বলবেন?",repeat,,did not hear because of noise or a bad line,74,
repeat,"আরেকবার বলুন তো, আওয়াজ খুব কম আসছে",repeat,,did not hear because of noise or a bad line,74,
repeat,"কি বললেন ভাই? নেট খুব খারাপ, আবার বলেন",repeat,,did not hear because of noise or a bad line,74,
repeat,"সরি আপু, কী বললেন বুঝতে পারলাম না।",repeat,,"did not understand, asks to say it again",75,
repeat,"হুম, মানে? আরেকবার একটু রিপিট করবেন প্লিজ?",repeat,,"did not understand, asks to say it again",75,
repeat,"কথাটা ক্লিয়ার না, আরেকবার বলেন তো।",repeat,,"did not understand, asks to say it again",75,
repeat,"আসলে আমি ঠিক বুঝিনি, কাইন্ডলি আবার বলবেন?",repeat,,"did not understand, asks to say it again",75,
repeat,"উম, ঠিক শুনতে পেলাম না, আরেকবার বলা যাবে?",repeat,,"did not understand, asks to say it again",75,
repeat,"কি বললেন ভাইয়া, আরেকবার একটু ক্লিয়ার করবেন?",repeat,,"did not understand, asks to say it again",75,
repeat,"বুঝতে পারছি না, আরেকবার কি বলা সম্ভব?",repeat,,"did not understand, asks to say it again",75,
repeat,আরেকবার একটু বলবেন? আমি ঠিক ধরতে পারিনি।,repeat,,"did not understand, asks to say it again",75,
repeat,"মানে, কি বললেন যেন? আবার বলেন তো।",repeat,,"did not understand, asks to say it again",75,
repeat,"সরি ভাই, লাইনটা ক্লিয়ার ছিল না, আবার বলেন।",repeat,,"did not understand, asks to say it again",75,
repeat,একটু আস্তে বলবেন? মানে আমি ঠিক বুঝিনি।,repeat,,"did not understand, asks to say it again",75,
repeat,"সরি আপু, আমি ঠিক বুঝতে পারিনি, আবার বলবেন?",repeat,,asks what the agent said (e.g. কী বললেন?),76,
repeat,মানে কী বললেন? আরেকবার শুনতে চাচ্ছিলাম।,repeat,,asks what the agent said (e.g. কী বললেন?),76,
repeat,"হুম, কিছু বললেন কি? আমি ঠিক খেয়াল করিনি।",repeat,,asks what the agent said (e.g. কী বললেন?),76,
repeat,"ভাইয়া, আরেকবার একটু বলবেন কি? কানে আসলো না।",repeat,,asks what the agent said (e.g. কী বললেন?),76,
repeat,"বুঝতে পারলাম না, প্লিজ আরেকবার কি বলবেন?",repeat,,asks what the agent said (e.g. কী বললেন?),76,
repeat,"আসলে নেটওয়ার্কের জন্য শুনতে পাইনি, আবার বলবেন কি?",repeat,,asks what the agent said (e.g. কী বললেন?),76,
repeat,কী যেন বললেন? আরেকবার রিপিট করবেন প্লিজ?,repeat,,asks what the agent said (e.g. কী বললেন?),76,
repeat,"ঠিক ক্লিয়ার না, আরেকবার বলা যাবে?",repeat,,asks what the agent said (e.g. কী বললেন?),76,
repeat,"উম, শুনতে পাইনি। কী বললেন একটু আবার বলবেন?",repeat,,asks what the agent said (e.g. কী বললেন?),76,
repeat,"ভাই, আরেকবার বলবেন কি? ঠিকঠাক শুনতে পেলাম না।",repeat,,asks what the agent said (e.g. কী বললেন?),76,
repeat,"বুঝতে পারছি না, একটু আবার কি বলবেন প্লিজ?",repeat,,asks what the agent said (e.g. কী বললেন?),76,
repeat,ভাই কি বললেন? কিছুই তো বুঝতে পারলাম না।,repeat,,did not hear because of noise or a bad line,77,
repeat,"লাইনটা খুব ডিস্টার্ব দিচ্ছে, আরেকবার বলবেন?",repeat,,did not hear because of noise or a bad line,77,
repeat,"শুনতে পাইনি আপু, একটু আবার বলবেন প্লিজ?",repeat,,did not hear because of noise or a bad line,77,
repeat,"নয়েজ হচ্ছে তো, ঠিক বুঝতে পারলাম না কি বললেন।",repeat,,did not hear because of noise or a bad line,77,
repeat,"হুম, কি যেন বললেন শুনতে পেলাম না, আবার বলুন তো।",repeat,,did not hear because of noise or a bad line,77,
repeat,"কথাগুলো কেটে কেটে আসছে, আবার একটু রিপিট করবেন?",repeat,,did not hear because of noise or a bad line,77,
repeat,কি বললেন? নেটওয়ার্কের কারণে কিছুই শোনা যাচ্ছে না।,repeat,,did not hear because of noise or a bad line,77,
repeat,"আসলে বাইরের খুব শব্দ, একটু কষ্ট করে আবার বলবেন?",repeat,,did not hear because of noise or a bad line,77,
repeat,"বুঝতে পারিনি ভাই, আরেকবার একটু ক্লিয়ারলি বলেন।",repeat,,did not hear because of noise or a bad line,77,
repeat,"মানে, কথাগুলো সব মিক্স হয়ে যাচ্ছে, আবার বলবেন কি?",repeat,,did not hear because of noise or a bad line,77,
repeat,"শুনতে খুব প্রবলেম হচ্ছে, কাইন্ডলি আরেকবার বলবেন?",repeat,,did not hear because of noise or a bad line,77,
repeat,"হ্যালো? কিছু শুনতে পাচ্ছি না, প্লিজ আরেকবার বলুন।",repeat,,did not hear because of noise or a bad line,77,
repeat,"ভাইয়া ঠিক বুঝতে পারলাম না, আরেকবার কি বলবেন?",repeat,,"did not understand, asks to say it again",78,
repeat,কি বললেন আপু? ঠিক শুনতে পেলাম না তো।,repeat,,"did not understand, asks to say it again",78,
repeat,"সরি ভাই, আবার বলবেন প্লিজ?",repeat,,"did not understand, asks to say it again",78,
repeat,মানে কি বললেন? আরেকটু ক্লিয়ার করে বলুন তো।,repeat,,"did not understand, asks to say it again",78,
repeat,"আসলে কথাগুলো ঠিক পরিষ্কার না, আবার একটু বলবেন কি?",repeat,,"did not understand, asks to say it again",78,
repeat,"শুনতে পেলাম না ভাইয়া, একটু রিপিট করবেন?",repeat,,"did not understand, asks to say it again",78,
repeat,"উম, কি যেন বললেন? বুঝতে পারিনি।",repeat,,"did not understand, asks to say it again",78,
repeat,"হুম, নেটওয়ার্কের জন্য শোনা যাচ্ছে না, আবার বলেন তো।",repeat,,"did not understand, asks to say it again",78,
repeat,"আপু আপনার কথাগুলো কেটে কেটে আসছে, কি বললেন?",repeat,,"did not understand, asks to say it again",78,
repeat,"ঠিক ধরতে পারলাম না, আরেকবার বলবেন কি?",repeat,,"did not understand, asks to say it again",78,
repeat,কি বললেন ভাইয়া? আবার একটু বলেন তো দেখি।,repeat,,"did not understand, asks to say it again",78,
repeat,আরেকবার বলবেন? আমি ঠিক খেয়াল করিনি।,repeat,,"did not understand, asks to say it again",78,
